scan_date,ticker,name,market,sector,close,atr20,atr_pct,high20,high20_next,low10,gap,gap_atr,dist_to_break,dist_atr,vol_mult,unit_shares,value_avg_20,status
20261008,084670,동양고속,KOSPI,운송·창고,38000,2048,5.39,29250,38000,22000,8750,4.272,-8750,-4.272,103.11,244,3077270640,돌파
20261008,000650,천일고속,KOSPI,운송·창고,221000,10592,4.79,180300,234000,137700,40700,3.843,-40700,-3.843,108.98,47,3063707065,돌파
20261008,278650,HLB바이오스텝,KOSDAQ,일반서비스,6310,419,6.64,4855,6310,2405,1455,3.473,-1455,-3.473,7.85,1193,4605840378,돌파
20261008,141000,비아트론,KOSDAQ,기계·장비,13840,609,4.4,12150,14980,9010,1690,2.775,-1690,-2.775,23.12,821,5311620443,돌파
20261008,126600,BGF에코머티리얼즈,KOSDAQ,화학,3680,132,3.59,3335,3755,2925,345,2.614,-345,-2.614,6.21,3787,933195750,돌파
20261008,083500,에프엔에스테크,KOSDAQ,기계·장비,17080,844,4.94,14980,17430,11220,2100,2.488,-2100,-2.488,10.1,592,1349954217,돌파
20261008,419050,삼기에너지솔루션즈,KOSDAQ,운송장비·부품,2305,145,6.29,2030,2305,1513,275,1.897,-275,-1.897,7.36,3448,9023202195,돌파
20261008,012030,DB,KOSPI,IT 서비스,2290,103,4.5,2105,2355,1594,185,1.796,-185,-1.796,3.56,4854,2161831640,돌파
20261008,187870,디바이스,KOSDAQ,기계·장비,15720,976,6.21,14100,16270,10160,1620,1.66,-1620,-1.66,6.61,512,1607141018,돌파
20261008,355690,에이텀,KOSDAQ,전기전자,6390,311,4.87,5920,6480,4830,470,1.511,-470,-1.511,2.8,1607,554596917,돌파
20261008,033790,피노,KOSDAQ,전기전자,11580,802,6.93,10410,11600,7270,1170,1.459,-1170,-1.459,3.06,623,20849256586,돌파
20261008,046210,HLB파나진,KOSDAQ,제약,1774,123,6.93,1600,1774,1102,174,1.415,-174,-1.415,14.48,4065,1197223968,돌파
20261008,048910,대원미디어,KOSDAQ,유통,8250,351,4.25,7780,8410,6460,470,1.339,-470,-1.339,9.29,1424,574474248,돌파
20261008,084990,헬릭스미스,KOSDAQ,일반서비스,4530,271,5.98,4170,4955,2970,360,1.328,-360,-1.328,18.16,1845,1794852657,돌파
20261008,000240,한국앤컴퍼니,KOSPI,금융,26700,842,3.15,25700,26700,24100,1000,1.188,-1000,-1.188,2.02,593,1666345825,돌파
20261008,156100,엘앤케이바이오,KOSDAQ,의료·정밀기기,7350,412,5.61,6900,7500,5540,450,1.092,-450,-1.092,2.33,1213,1378015029,돌파
20261008,217190,제너셈,KOSDAQ,기계·장비,10060,584,5.81,9450,10650,7230,610,1.045,-610,-1.045,4.78,856,2030964012,돌파
20261008,142210,유니트론텍,KOSDAQ,유통,7340,288,3.92,7110,7430,6040,230,0.799,-230,-0.799,3.68,1736,1307947534,돌파
20261008,417840,저스템,KOSDAQ,기계·장비,20900,1295,6.2,19900,21600,14330,1000,0.772,-1000,-0.772,3.17,386,19834471944,돌파
20261008,243840,신흥에스이씨,KOSDAQ,전기전자,6500,323,4.97,6260,6580,5290,240,0.743,-240,-0.743,6.38,1547,1156934486,돌파
20261008,005160,동국산업,KOSDAQ,금속,4710,331,7.03,4485,4905,3165,225,0.68,-225,-0.68,7.11,1510,17181213681,돌파
20261008,356860,티엘비,KOSDAQ,전기전자,53800,3582,6.66,51500,54600,36900,2300,0.642,-2300,-0.642,1.23,139,28511487252,돌파
20261008,354320,알멕,KOSDAQ,금속,57300,4407,7.69,54500,59200,34850,2800,0.635,-2800,-0.635,1.96,113,8549654250,돌파
20261008,187420,HLB제넥스,KOSDAQ,제약,2610,195,7.47,2500,2780,1674,110,0.564,-110,-0.564,11.26,2564,1451265788,돌파
20261008,089790,제이티,KOSDAQ,기계·장비,7280,397,5.45,7060,7490,5330,220,0.554,-220,-0.554,2.81,1259,903932170,돌파
20261008,290550,디케이티,KOSDAQ,전기전자,25550,1674,6.55,24650,25950,20700,900,0.538,-900,-0.538,1.43,298,8008710900,돌파
20261008,003580,HLB글로벌,KOSPI,유통,2635,181,6.87,2540,2635,1501,95,0.525,-95,-0.525,7.47,2762,2086097218,돌파
20261008,200470,에이팩트,KOSDAQ,전기전자,10790,615,5.7,10480,11100,7150,310,0.504,-310,-0.504,1.79,813,9601411326,돌파
20261008,229640,LS에코에너지,KOSPI,금융,73000,4327,5.93,71000,76100,58200,2000,0.462,-2000,-0.462,1.63,115,16889538748,돌파
20261008,006110,삼아알미늄,KOSPI,금속,74800,5742,7.68,72300,78500,53600,2500,0.435,-2500,-0.435,3.61,87,11733400010,돌파
20261008,123010,MSDI,KOSDAQ,전기전자,4825,356,7.38,4690,4890,2750,135,0.379,-135,-0.379,1.31,1404,1475592153,돌파
20261008,417200,LS머트리얼즈,KOSDAQ,전기전자,16450,977,5.94,16080,16600,12580,370,0.379,-370,-0.379,1.84,511,21778556104,돌파
20261008,373220,LG에너지솔루션,KOSPI,전기전자,401000,16633,4.15,395000,418000,348000,6000,0.361,-6000,-0.361,3.23,30,118843406525,돌파
20261008,215200,메가스터디교육,KOSDAQ,일반서비스,38950,1134,2.91,38550,39100,34550,400,0.353,-400,-0.353,1.78,440,1277327762,돌파
20261008,031430,신세계인터내셔날,KOSPI,유통,11030,345,3.13,10920,11190,10010,110,0.319,-110,-0.319,3.09,1449,610387656,돌파
20261008,210120,빅텐츠,KOSDAQ,오락·문화,2345,223,9.51,2275,2345,1650,70,0.314,-70,-0.314,16.34,2242,589612420,돌파
20261008,078350,한양디지텍,KOSDAQ,전기전자,38950,2472,6.35,38200,39500,25150,750,0.303,-750,-0.303,0.61,202,14806319824,돌파
20261008,083450,GST,KOSDAQ,기계·장비,57700,2924,5.07,56900,58900,45900,800,0.274,-800,-0.274,1.64,170,7518103915,돌파
20261008,098460,고영,KOSDAQ,기계·장비,37500,1951,5.2,37000,39850,27400,500,0.256,-500,-0.256,3.03,256,48738242695,돌파
20261008,092070,디엔에프,KOSDAQ,화학,15530,751,4.84,15350,15960,12140,180,0.24,-180,-0.24,3.1,665,567192523,돌파
20261008,441270,파인엠텍,KOSDAQ,전기전자,10000,634,6.34,9850,10100,8350,150,0.237,-150,-0.237,0.96,788,10772127817,돌파
20261008,089230,THE E&M,KOSDAQ,IT 서비스,2280,212,9.3,2235,2470,1682,45,0.212,-45,-0.212,3.67,2358,639969089,돌파
20261008,115450,HLB테라퓨틱스,KOSDAQ,유통,3175,233,7.34,3130,3540,1901,45,0.193,-45,-0.193,12.72,2145,3282859063,돌파
20261008,416180,신성에스티,KOSDAQ,운송장비·부품,28800,1467,5.09,28600,29800,23850,200,0.136,-200,-0.136,2.08,340,1027290440,돌파
20261008,382800,지앤비에스 에코,KOSDAQ,기계·장비,7130,367,5.15,7080,7430,4995,50,0.136,-50,-0.136,2.52,1362,7475039716,돌파
20261008,014820,동원시스템즈,KOSPI,화학,22350,748,3.35,22250,22350,20600,100,0.134,-100,-0.134,1.5,668,519080390,돌파
20261008,002320,한진,KOSPI,운송·창고,17010,464,2.73,16950,17380,14020,60,0.129,-60,-0.129,1.79,1077,582277736,돌파
20261008,125210,아모그린텍,KOSDAQ,전기전자,6810,393,5.77,6760,6970,5910,50,0.127,-50,-0.127,1.54,1272,1670636422,돌파
20261008,393890,더블유씨피,KOSDAQ,전기전자,11470,801,6.98,11370,11780,9510,100,0.125,-100,-0.125,4.63,624,2966577006,돌파
20261008,178920,PI첨단소재,KOSPI,화학,20700,858,4.14,20600,21050,18060,100,0.117,-100,-0.117,2.02,582,723575962,돌파
20261008,445090,에이직랜드,KOSDAQ,전기전자,23500,1158,4.93,23400,24350,21050,100,0.086,-100,-0.086,3.59,431,604026425,돌파
20261008,255440,야스,KOSDAQ,기계·장비,8960,466,5.2,8920,9000,6910,40,0.086,-40,-0.086,1.38,1072,585665294,돌파
20261008,059090,미코,KOSDAQ,전기전자,24800,1368,5.52,24700,25450,19810,100,0.073,-100,-0.073,2.1,365,9618406460,돌파
20261008,031980,피에스케이홀딩스,KOSDAQ,기계·장비,209500,14430,6.89,208500,219000,157400,1000,0.069,-1000,-0.069,1.14,34,32186139165,돌파
20261008,009240,한샘,KOSPI,유통,41050,1223,2.98,41000,41050,38650,50,0.041,-50,-0.041,1.52,408,999709972,돌파
20261008,107640,한중엔시에스,KOSDAQ,전기전자,48350,2438,5.04,48300,48650,38400,50,0.021,-50,-0.021,2.0,205,4633843768,돌파
20261008,417500,제이아이테크,KOSDAQ,화학,4875,244,5.01,4870,5050,3855,5,0.02,-5,-0.02,2.07,2049,1370673672,돌파
20261008,001780,알루코,KOSPI,금속,1706,56,3.28,1705,1740,1528,1,0.018,-1,-0.018,39.74,8928,1237916142,돌파
20261008,091580,상신이디피,KOSDAQ,전기전자,25500,1552,6.09,25500,26200,20050,0,0.0,0,-0.0,1.71,322,7260157212,임박
20261008,144960,뉴파워프라즈마,KOSDAQ,기계·장비,14000,826,5.9,14040,14345,10390,-40,-0.048,40,0.048,1.41,605,13039298282,임박
20261008,078600,대주전자재료,KOSDAQ,전기전자,114600,5776,5.04,114900,117900,85500,-300,-0.052,300,0.052,2.21,86,16177968675,임박
20261008,353200,대덕전자,KOSPI,전기전자,157700,9702,6.15,158200,161000,101200,-500,-0.052,500,0.052,1.27,51,135525397290,임박
20261008,323280,태성,KOSDAQ,기계·장비,62700,3745,5.97,62900,63800,44300,-200,-0.053,200,0.053,1.12,133,21602476548,임박
20261008,018880,한온시스템,KOSPI,기계·장비,4015,190,4.73,4025,4085,3165,-10,-0.053,10,0.053,2.25,2631,24725935197,임박
20261008,200350,아티스트스튜디오,KOSDAQ,오락·문화,4590,338,7.36,4610,4950,2365,-20,-0.059,20,0.059,2.16,1479,850609816,임박
20261008,051160,지어소프트,KOSDAQ,IT 서비스,14220,821,5.77,14280,14325,11390,-60,-0.073,60,0.073,0.52,609,4958734350,임박
20261008,145720,덴티움,KOSPI,의료·정밀기기,40350,1186,2.94,40450,40900,36000,-100,-0.084,100,0.084,2.57,421,555100755,임박
20261008,020150,롯데에너지머티리얼즈,KOSPI,전기전자,55200,3361,6.09,55500,57100,39500,-300,-0.089,300,0.089,1.81,148,16547993122,임박
20261008,000400,롯데손해보험,KOSPI,보험,2285,102,4.46,2295,2345,1988,-10,-0.098,10,0.098,1.83,4901,735029648,임박
20261008,159010,아스플로,KOSDAQ,기계·장비,34750,2338,6.73,35000,35550,21800,-250,-0.107,250,0.107,0.93,213,4956800495,임박
20261008,376300,디어유,KOSDAQ,IT 서비스,19590,827,4.22,19680,19680,16680,-90,-0.109,90,0.109,1.79,604,1285856492,임박
20261008,041960,코미팜,KOSDAQ,제약,11360,525,4.62,11420,11500,9650,-60,-0.114,60,0.114,1.3,952,2611649368,임박
20261008,036170,에이치엠넥스,KOSDAQ,전기전자,3225,206,6.39,3250,3280,2545,-25,-0.121,25,0.121,0.62,2427,787390849,임박
20261008,009970,영원무역홀딩스,KOSPI,금융,174400,7367,4.22,175600,174400,158200,-1200,-0.163,1200,0.163,1.33,67,1604465540,임박
20261008,147760,피엠티,KOSDAQ,의료·정밀기기,4235,331,7.82,4300,4365,3140,-65,-0.196,65,0.196,4.7,1510,783895106,임박
20261008,097950,CJ제일제당,KOSPI,음식료·담배,183700,4043,2.2,184500,185700,173500,-800,-0.198,800,0.198,1.46,123,8710524540,임박
20261008,161000,애경케미칼,KOSPI,화학,11250,497,4.42,11350,11490,9810,-100,-0.201,100,0.201,3.02,1006,1794721314,임박
20261008,323350,다원넥스뷰,KOSDAQ,기계·장비,11170,920,8.24,11360,11650,8000,-190,-0.207,190,0.207,4.84,543,960378172,임박
20261008,383220,F&F,KOSPI,섬유·의류,73900,2669,3.61,74500,74600,66700,-600,-0.225,600,0.225,1.3,187,3301265130,임박
20261008,006400,삼성SDI,KOSPI,전기전자,569000,26253,4.61,575000,591000,503000,-6000,-0.229,6000,0.229,1.99,19,197787798350,임박
20261008,061090,세나테크놀로지,KOSDAQ,전기전자,43800,2195,5.01,44400,44500,35300,-600,-0.273,600,0.273,1.49,227,675934605,임박
20261008,307750,국전,KOSDAQ,제약,2975,160,5.38,3020,3270,2230,-45,-0.281,45,0.281,19.71,3125,5314804008,임박
20261008,071280,로체시스템즈,KOSDAQ,기계·장비,9200,452,4.91,9330,9330,6980,-130,-0.288,130,0.288,0.69,1106,1177637034,임박
20261008,018670,SK가스,KOSPI,유통,272000,10375,3.81,275000,275000,234500,-3000,-0.289,3000,0.289,1.61,48,2894086650,임박
20261008,482630,삼양엔씨켐,KOSDAQ,화학,15970,866,5.42,16220,16220,13000,-250,-0.289,250,0.289,1.93,577,2774855615,임박
20261008,083310,엘오티베큠,KOSDAQ,기계·장비,13310,634,4.76,13500,13840,9890,-190,-0.3,190,0.3,1.96,788,1207978722,임박
20261008,036200,유니셈,KOSDAQ,기계·장비,10910,529,4.85,11070,11080,8970,-160,-0.302,160,0.302,0.85,945,2710375614,임박
20261008,425040,티이엠씨,KOSDAQ,화학,15610,795,5.09,15850,15850,9930,-240,-0.302,240,0.302,0.72,628,15568327266,임박
20261008,033640,네패스,KOSDAQ,전기전자,33300,1975,5.93,33900,33900,25950,-600,-0.304,600,0.304,1.59,253,7503876438,임박
20261008,119610,인터로조,KOSDAQ,의료·정밀기기,17030,745,4.37,17260,17430,13650,-230,-0.309,230,0.309,1.15,671,605430620,임박
20261008,330590,롯데리츠,KOSPI,부동산,4155,122,2.94,4195,4195,3900,-40,-0.328,40,0.328,0.61,4098,603921716,임박
20261008,253590,네오셈,KOSDAQ,기계·장비,16150,847,5.24,16430,16520,12230,-280,-0.331,280,0.331,0.77,590,13074716698,임박
20261008,420770,기가비스,KOSDAQ,기계·장비,137500,10559,7.68,141000,141000,106700,-3500,-0.331,3500,0.331,0.42,47,17036691000,임박
20261008,054210,이랜텍,KOSDAQ,전기전자,7170,323,4.5,7280,7310,6490,-110,-0.341,110,0.341,1.36,1547,762360240,임박
20261008,007810,코리아써키트,KOSPI,전기전자,88100,5496,6.24,90000,90000,51300,-1900,-0.346,1900,0.346,0.69,90,43392643525,임박
20261008,000390,SP삼화,KOSPI,화학,7230,230,3.18,7310,7310,6800,-80,-0.348,80,0.348,0.75,2173,506286460,임박
20261008,008060,대덕,KOSPI,금융,16500,766,4.64,16770,16770,14140,-270,-0.352,270,0.352,0.73,652,1200740802,임박
20261008,102710,이엔에프테크놀로지,KOSDAQ,화학,50600,2532,5.0,51500,51500,41300,-900,-0.355,900,0.355,1.47,197,3427500552,임박
20261008,105740,디케이락,KOSDAQ,기계·장비,12050,513,4.26,12240,12240,7910,-190,-0.37,190,0.37,2.74,974,5157532141,임박
20261008,067630,HLB생명과학,KOSDAQ,제약,4520,338,7.48,4645,4645,2405,-125,-0.37,125,0.37,0.59,1479,4411566114,임박
20261008,001250,GS글로벌,KOSPI,유통,3205,146,4.56,3260,3270,2510,-55,-0.377,55,0.377,1.75,3424,1728316130,임박
20261008,403850,더핑크퐁컴퍼니,KOSDAQ,오락·문화,13680,703,5.14,13950,13950,11650,-270,-0.384,270,0.384,3.16,711,1092001544,임박
20261008,006280,녹십자,KOSPI,제약,129400,4296,3.32,131100,131100,121300,-1700,-0.396,1700,0.396,1.29,116,3038136665,임박
20261008,096770,SK이노베이션,KOSPI,화학,160900,9350,5.81,164700,164700,136500,-3800,-0.406,3800,0.406,1.18,53,152025039490,임박
20261008,017890,한국알콜,KOSDAQ,화학,16190,566,3.5,16420,16420,14070,-230,-0.406,230,0.406,1.83,883,1201567540,임박
20261008,047920,HLB제약,KOSDAQ,일반서비스,13130,1048,7.98,13560,14200,6290,-430,-0.41,430,0.41,5.64,477,17694535651,임박
20261008,092870,엑시콘,KOSDAQ,기계·장비,53300,3150,5.91,54600,54600,35300,-1300,-0.413,1300,0.413,0.7,158,15730661358,임박
20261008,089860,롯데렌탈,KOSPI,일반서비스,51400,1659,3.23,52100,52100,48850,-700,-0.422,700,0.422,0.68,301,3712594825,임박
20261008,372320,큐로셀,KOSDAQ,일반서비스,26150,1399,5.35,26750,26800,20800,-600,-0.429,600,0.429,2.32,357,816774258,임박
20261008,085910,네오티스,KOSDAQ,운송장비·부품,20500,1504,7.34,21150,21150,13020,-650,-0.432,650,0.432,1.17,332,3882001914,임박
20261008,099430,바이오플러스,KOSDAQ,제약,3840,139,3.62,3900,3910,3265,-60,-0.432,60,0.432,1.01,3597,595006756,임박
20261008,064290,인텍플러스,KOSDAQ,기계·장비,60600,4604,7.6,62600,62600,47200,-2000,-0.434,2000,0.434,0.51,108,19906388900,임박
20261008,074600,원익QnC,KOSDAQ,비금속,32500,1582,4.87,33200,33200,27750,-700,-0.442,700,0.442,1.37,316,5748986828,임박
20261008,166090,하나머티리얼즈,KOSDAQ,전기전자,64200,3612,5.63,65800,66300,55600,-1600,-0.443,1600,0.443,1.29,138,9223244360,임박
20261008,163730,핑거,KOSDAQ,IT 서비스,14950,1010,6.76,15400,15450,10010,-450,-0.446,450,0.446,1.18,495,2002941486,임박
20261008,254490,미래반도체,KOSDAQ,유통,18820,1013,5.38,19280,19290,15330,-460,-0.454,460,0.454,1.94,493,1699388236,임박
20261008,105330,케이엔더블유,KOSDAQ,운송장비·부품,9040,542,6.0,9290,9350,7770,-250,-0.461,250,0.461,0.16,922,4450187220,임박
20261008,322000,HD현대에너지솔루션,KOSPI,전기전자,147300,11147,7.57,152500,152500,115900,-5200,-0.466,5200,0.466,0.7,44,37098821225,임박
20261008,361610,SK아이이테크놀로지,KOSPI,전기전자,18600,1111,5.97,19130,19130,15810,-530,-0.477,530,0.477,0.86,450,9922617256,임박
20261008,172670,에이엘티,KOSDAQ,전기전자,15190,926,6.1,15640,15640,12210,-450,-0.486,450,0.486,1.86,539,1150716456,임박
20261008,009290,광동제약,KOSPI,제약,6920,221,3.19,7030,7030,6200,-110,-0.498,110,0.498,1.61,2262,911523510,임박
20261008,052900,KX하이텍,KOSDAQ,화학,1262,66,5.23,1295,1295,1020,-33,-0.5,33,0.5,1.05,7575,839475444,임박
20261008,101360,에코앤드림,KOSDAQ,전기전자,8840,550,6.22,9120,9640,7310,-280,-0.509,280,0.509,6.65,909,671469304,임박
20261008,010950,S-Oil,KOSPI,화학,168700,9758,5.78,173700,173700,147200,-5000,-0.512,5000,0.512,0.75,51,62812845565,임박
20261008,161580,필옵틱스,KOSDAQ,기계·장비,41900,2330,5.56,43100,43100,30950,-1200,-0.515,1200,0.515,0.56,214,19377081868,임박
20261008,002700,신일전자,KOSPI,유통,1040,31,2.98,1056,1056,919,-16,-0.516,16,0.516,0.8,16129,518618765,임박
20261008,357580,아모센스,KOSDAQ,전기전자,8430,601,7.13,8740,8740,6540,-310,-0.516,310,0.516,0.5,831,3036217640,임박
20261008,475430,키스트론,KOSDAQ,전기전자,4430,200,4.51,4535,4535,4200,-105,-0.525,105,0.525,0.84,2500,556071602,임박
20261008,085670,뉴프렉스,KOSDAQ,전기전자,3880,217,5.59,3995,3995,2890,-115,-0.53,115,0.53,0.91,2304,1191703536,임박
20261008,020000,한섬,KOSPI,섬유·의류,21750,840,3.86,22200,22200,17710,-450,-0.536,450,0.536,0.47,595,3224941463,임박
20261008,030190,NICE평가정보,KOSPI,IT 서비스,16790,482,2.87,17050,17050,15120,-260,-0.539,260,0.539,0.5,1037,956778376,임박
20261008,033780,KT&G,KOSPI,음식료·담배,177400,4364,2.46,179800,180800,169800,-2400,-0.55,2400,0.55,0.95,114,38504116645,임박
20261008,399720,가온칩스,KOSDAQ,전기전자,47950,2687,5.6,49450,49450,42550,-1500,-0.558,1500,0.558,1.59,186,6193776735,임박
20261008,006120,SK디스커버리,KOSPI,금융,70800,2980,4.21,72500,73000,55200,-1700,-0.57,1700,0.57,1.01,167,2133149200,임박
20261008,033170,시그네틱스,KOSDAQ,전기전자,3415,277,8.11,3575,3695,2130,-160,-0.578,160,0.578,0.61,1805,1362331017,임박
20261008,049430,코메론,KOSDAQ,의료·정밀기기,22900,947,4.14,23450,23450,21600,-550,-0.581,550,0.581,1.77,527,719405995,임박
20261008,388210,씨엠티엑스,KOSDAQ,전기전자,95200,5661,5.95,98600,98600,73200,-3400,-0.601,3400,0.601,1.96,88,5675491455,임박
20261008,491000,리브스메드,KOSDAQ,의료·정밀기기,37500,2740,7.31,39150,39250,28800,-1650,-0.602,1650,0.602,0.56,182,6780547805,임박
20261008,078520,에이블씨엔씨,KOSPI,화학,11610,570,4.91,11960,12130,10440,-350,-0.614,350,0.614,0.74,877,877544425,임박
20261008,226340,본느,KOSDAQ,화학,6390,783,12.25,6890,8390,4495,-500,-0.639,500,0.639,4.42,638,3957041868,임박
20261008,005420,코스모화학,KOSPI,화학,11570,534,4.62,11920,11920,10010,-350,-0.655,350,0.655,1.71,936,1125009842,임박
20261008,011500,한농화성,KOSPI,화학,14800,651,4.4,15230,15230,12910,-430,-0.661,430,0.661,1.09,768,1008759205,임박
20261008,121600,나노신소재,KOSDAQ,화학,63500,2854,4.49,65400,65400,50800,-1900,-0.666,1900,0.666,1.07,175,4474400738,임박
20261008,178320,서진시스템,KOSDAQ,전기전자,41300,2838,6.87,43200,43200,31200,-1900,-0.669,1900,0.669,0.7,176,41260563945,임박
20261008,009470,삼화전기,KOSPI,전기전자,27100,1331,4.91,28000,28000,25500,-900,-0.676,900,0.676,0.55,375,1852704302,임박
20261008,129920,대성하이텍,KOSDAQ,기계·장비,7130,545,7.64,7500,7500,5000,-370,-0.679,370,0.679,0.82,917,1057909640,임박
20261008,490470,세미파이브,KOSDAQ,일반서비스,22300,1538,6.9,23350,23350,15310,-1050,-0.683,1050,0.683,0.59,325,36379096633,임박
20261008,395400,SK리츠,KOSPI,부동산,5290,161,3.04,5400,5400,5070,-110,-0.683,110,0.683,0.8,3105,1082032784,임박
20261008,183300,코미코,KOSDAQ,기계·장비,33450,4006,11.98,36200,36200,29900,-2750,-0.686,2750,0.686,0.5,124,17009142182,임박
20261008,272110,케이엔제이,KOSDAQ,전기전자,32700,1817,5.56,33950,33950,27600,-1250,-0.688,1250,0.688,0.94,275,2621492750,임박
20261008,092200,디아이씨,KOSPI,운송장비·부품,5770,333,5.77,6000,6000,5300,-230,-0.691,230,0.691,0.91,1501,1175785886,임박
20261008,232680,라온로보틱스,KOSDAQ,기계·장비,10880,606,5.57,11300,11300,9560,-420,-0.693,420,0.693,0.67,825,1071856858,임박
20261008,204270,제이앤티씨,KOSDAQ,전기전자,26250,1940,7.39,27600,27800,20700,-1350,-0.696,1350,0.696,1.68,257,35756844312,임박
20261008,446540,메가터치,KOSDAQ,전기전자,11090,886,7.99,11710,11940,8520,-620,-0.7,620,0.7,0.77,564,10449359373,임박
20261008,0088M0,메쥬,KOSDAQ,의료·정밀기기,15160,1053,6.95,15900,15900,12030,-740,-0.703,740,0.703,0.81,474,1714879768,임박
20261008,009830,한화솔루션,KOSPI,화학,36000,2132,5.92,37500,37500,27300,-1500,-0.704,1500,0.704,0.75,234,103851585702,임박
20261008,389260,대명에너지,KOSDAQ,건설,13500,637,4.72,13950,13950,12700,-450,-0.706,450,0.706,0.67,784,1166113394,임박
20261008,001820,삼화콘덴서,KOSPI,전기전자,158300,11324,7.15,166300,166300,142000,-8000,-0.706,8000,0.706,0.37,44,156310477025,임박
20261008,003240,태광산업,KOSPI,화학,910000,29751,3.27,931000,931000,877000,-21000,-0.706,21000,0.706,1.11,16,872912300,임박
20261008,052710,아모텍,KOSDAQ,전기전자,21950,1690,7.7,23150,23150,16450,-1200,-0.71,1200,0.71,0.37,295,21274804155,임박
20261008,094360,칩스앤미디어,KOSDAQ,전기전자,12760,559,4.38,13160,13160,11010,-400,-0.716,400,0.716,0.7,894,1619313724,임박
20261008,001430,세아베스틸지주,KOSPI,금속,46800,2507,5.36,48600,48600,42200,-1800,-0.718,1800,0.718,1.46,199,6364241915,임박
20261008,011930,신성이엔지,KOSPI,전기전자,19610,1031,5.26,20350,20650,16510,-740,-0.718,740,0.718,1.61,484,4141473464,임박
20261008,079370,제우스,KOSDAQ,기계·장비,14330,806,5.62,14910,14910,10900,-580,-0.72,580,0.72,0.64,620,6652376158,임박
20261008,000990,DB하이텍,KOSPI,전기전자,138800,7806,5.62,144500,144500,122500,-5700,-0.73,5700,0.73,1.03,64,95184122415,임박
20261008,108320,LX세미콘,KOSPI,전기전자,37400,1507,4.03,38500,38500,35800,-1100,-0.73,1100,0.73,0.37,331,3570525442,임박
20261008,067080,대화제약,KOSDAQ,제약,12000,451,3.76,12330,12330,10850,-330,-0.732,330,0.732,13.74,1108,1051653772,임박
20261008,228850,레이언스,KOSDAQ,의료·정밀기기,8440,422,5.0,8750,8750,7680,-310,-0.735,310,0.735,0.79,1184,608569305,임박
20261008,295310,에이치브이엠,KOSDAQ,금속,74200,4867,6.56,77800,77800,53300,-3600,-0.74,3600,0.74,1.11,102,11987928210,임박
20261008,179900,유티아이,KOSDAQ,전기전자,2460,323,13.13,2700,2700,2150,-240,-0.743,240,0.743,1.05,1547,635370047,임박
20261008,009450,경동나비엔,KOSPI,전기전자,61200,1878,3.07,62600,62600,59900,-1400,-0.745,1400,0.745,0.48,266,1649243455,임박
20261008,219130,타이거일렉,KOSDAQ,전기전자,95400,6550,6.87,100300,100300,70800,-4900,-0.748,4900,0.748,0.89,76,3786071525,임박
20261008,259630,엠플러스,KOSDAQ,기계·장비,10430,478,4.58,10790,10830,8930,-360,-0.753,360,0.753,2.35,1046,995544586,임박
20261008,017860,DS단석,KOSPI,화학,12780,517,4.05,13170,13170,11590,-390,-0.754,390,0.754,0.69,967,1103895061,임박
20261008,005070,코스모신소재,KOSPI,화학,46250,2239,4.84,47950,47950,39900,-1700,-0.759,1700,0.759,1.0,223,6367246170,임박
20261008,104540,코렌텍,KOSDAQ,의료·정밀기기,5930,276,4.65,6140,6190,3925,-210,-0.761,210,0.761,0.87,1811,1080854714,임박
20261008,462350,이노스페이스,KOSDAQ,운송장비·부품,6860,575,8.38,7300,7300,5730,-440,-0.765,440,0.765,4.52,869,3072767508,임박
20261008,281740,레이크머티리얼즈,KOSDAQ,화학,12820,676,5.27,13340,13340,10550,-520,-0.769,520,0.769,1.25,739,4988286708,임박
20261008,126730,코칩,KOSDAQ,전기전자,24600,1882,7.65,26050,26050,22050,-1450,-0.77,1450,0.77,0.23,265,16356797385,임박
20261008,171090,선익시스템,KOSDAQ,기계·장비,75000,4158,5.54,78200,78200,67000,-3200,-0.77,3200,0.77,1.42,120,3134067845,임박
20261008,033160,엠케이전자,KOSDAQ,전기전자,19860,1403,7.06,20950,20950,13660,-1090,-0.777,1090,0.777,1.53,356,17726897988,임박
20261008,100130,동국S&C,KOSDAQ,금속,1706,113,6.62,1794,1869,1400,-88,-0.779,88,0.779,7.99,4424,3216129504,임박
20261008,192820,코스맥스,KOSPI,화학,306500,17248,5.63,320000,320000,257000,-13500,-0.783,13500,0.783,1.42,28,30645528800,임박
20261008,047050,포스코인터내셔널,KOSPI,유통,57100,2548,4.46,59100,59100,53800,-2000,-0.785,2000,0.785,1.01,196,30740559300,임박
20261008,215600,신라젠,KOSDAQ,일반서비스,2340,127,5.43,2440,2440,2175,-100,-0.787,100,0.787,0.81,3937,1462950624,임박
20261008,122350,삼기,KOSDAQ,운송장비·부품,1720,134,7.79,1826,1997,1466,-106,-0.791,106,0.791,19.11,3731,3462755599,임박
20261008,003160,디아이,KOSPI,의료·정밀기기,42150,2205,5.23,43900,44400,31200,-1750,-0.794,1750,0.794,1.35,226,26556299912,임박
20261008,265520,AP시스템,KOSDAQ,기계·장비,20600,754,3.66,21200,21200,18400,-600,-0.796,600,0.796,0.87,663,838207424,임박
20261008,431190,케이쓰리아이,KOSDAQ,IT 서비스,4600,326,7.09,4860,4860,3555,-260,-0.798,260,0.798,0.44,1533,797944459,임박
20261008,195870,해성디에스,KOSPI,전기전자,66000,3982,6.03,69200,69200,55800,-3200,-0.804,3200,0.804,0.78,125,10701710670,임박
20261008,029460,케이씨,KOSPI,의료·정밀기기,46200,2108,4.56,47900,47900,40700,-1700,-0.806,1700,0.806,0.94,237,1649711995,임박
20261008,030000,제일기획,KOSPI,일반서비스,18820,371,1.97,19120,19120,17310,-300,-0.809,300,0.809,0.98,1347,8284781302,임박
20261008,452190,한빛레이저,KOSDAQ,기계·장비,6310,466,7.39,6690,7080,4645,-380,-0.815,380,0.815,3.26,1072,27410845434,임박
20261008,025320,시노펙스,KOSDAQ,전기전자,3955,153,3.87,4080,4080,3650,-125,-0.817,125,0.817,0.9,3267,1153028875,임박
20261008,322310,오로스테크놀로지,KOSDAQ,기계·장비,16300,1004,6.16,17120,17120,12840,-820,-0.817,820,0.817,0.87,498,1392678046,임박
20261008,056080,유진로봇,KOSDAQ,기계·장비,12540,864,6.89,13250,13250,11400,-710,-0.822,710,0.822,2.3,578,5899686613,임박
20261008,0017J0,세미티에스,KOSDAQ,기계·장비,3395,249,7.33,3600,3600,2475,-205,-0.823,205,0.823,1.52,2008,2459241290,임박
20261008,044450,KSS해운,KOSPI,운송·창고,12410,413,3.33,12750,12750,9930,-340,-0.823,340,0.823,0.34,1210,1787693010,임박
20261008,010060,OCI홀딩스,KOSPI,금융,234000,17532,7.49,248500,248500,187300,-14500,-0.827,14500,0.827,0.67,28,53885504775,임박
20261008,223250,드림씨아이에스,KOSDAQ,일반서비스,3880,247,6.37,4085,4085,3065,-205,-0.83,205,0.83,0.64,2024,2180973533,임박
20261008,037350,성도이엔지,KOSDAQ,일반서비스,8420,385,4.57,8740,8740,7330,-320,-0.831,320,0.831,1.02,1298,1064301876,임박
20261008,112610,씨에스윈드,KOSPI,금속,55700,2874,5.16,58100,58100,48750,-2400,-0.835,2400,0.835,0.85,173,19785611482,임박
20261008,024850,HLB이노베이션,KOSDAQ,전기전자,18610,1640,8.81,19980,19980,13670,-1370,-0.835,1370,0.835,1.07,304,7047575732,임박
20261008,051910,LG화학,KOSPI,화학,286500,13745,4.8,298000,298000,247000,-11500,-0.837,11500,0.837,2.83,36,56945565550,임박
20261008,084110,휴온스글로벌,KOSDAQ,제약,23100,1133,4.9,24050,23950,21100,-950,-0.838,950,0.838,0.82,441,687603688,임박
20261008,192080,더블유게임즈,KOSPI,IT 서비스,57700,1901,3.29,59300,59300,56000,-1600,-0.842,1600,0.842,1.38,263,2592791390,임박
20261008,089030,테크윙,KOSDAQ,기계·장비,55100,3317,6.02,57900,57900,45500,-2800,-0.844,2800,0.844,0.84,150,36908325910,임박
20261008,004710,한솔테크닉스,KOSPI,전기전자,11720,793,6.77,12390,12390,9620,-670,-0.845,670,0.845,0.91,630,10180859083,임박
20261008,036710,심텍홀딩스,KOSDAQ,일반서비스,5130,319,6.22,5400,5400,3810,-270,-0.846,270,0.846,0.54,1567,1612881104,임박
20261008,251370,와이엠티,KOSDAQ,화학,9920,578,5.83,10410,10730,7300,-490,-0.848,490,0.848,1.83,865,1121868178,임박
20261008,396470,워트,KOSDAQ,기계·장비,7130,327,4.59,7410,7410,6650,-280,-0.856,280,0.856,0.65,1529,749683880,임박
20261008,110990,디아이티,KOSDAQ,기계·장비,18920,876,4.63,19670,19670,16770,-750,-0.856,750,0.856,1.02,570,1358520162,임박
20261008,060720,KH바텍,KOSDAQ,전기전자,11410,444,3.89,11790,11790,10800,-380,-0.856,380,0.856,0.61,1126,946388944,임박
20261008,480370,씨케이솔루션,KOSPI,기계·장비,2295,174,7.58,2445,2445,1703,-150,-0.862,150,0.862,1.78,2873,1691463317,임박
20261008,290650,엘앤씨바이오,KOSDAQ,제약,56400,3946,7.0,59800,59800,45000,-3400,-0.862,3400,0.862,1.59,126,12373112665,임박
20261008,453340,현대그린푸드,KOSPI,유통,19030,647,3.4,19590,19590,18480,-560,-0.866,560,0.866,0.85,772,712219934,임박
20261008,112290,와이씨켐,KOSDAQ,화학,12520,678,5.42,13110,13110,9990,-590,-0.87,590,0.87,1.19,737,2493864620,임박
20261008,001120,LX인터내셔널,KOSPI,유통,43350,1549,3.57,44700,44700,39650,-1350,-0.872,1350,0.872,0.92,322,4456442542,임박
20261008,002720,국제약품,KOSPI,제약,4270,183,4.29,4430,4855,3155,-160,-0.874,160,0.874,63.13,2732,5944203668,임박
20261008,176750,듀켐바이오,KOSDAQ,제약,7570,386,5.1,7910,7910,5930,-340,-0.881,340,0.881,0.51,1295,550878684,임박
20261008,405100,큐알티,KOSDAQ,일반서비스,17540,868,4.95,18310,18430,13790,-770,-0.887,770,0.887,1.11,576,860562734,임박
20261008,077360,덕산하이메탈,KOSDAQ,전기전자,14110,930,6.59,14940,14940,11470,-830,-0.892,830,0.892,0.84,537,11789147144,임박
20261008,089970,브이엠,KOSDAQ,기계·장비,67100,5496,8.19,72000,72000,53400,-4900,-0.892,4900,0.892,0.79,90,40429434608,임박
20261008,321820,아티스트컴퍼니,KOSDAQ,오락·문화,4155,319,7.68,4440,4440,2760,-285,-0.893,285,0.893,0.54,1567,1301222900,임박
20261008,080580,오킨스전자,KOSDAQ,전기전자,27800,1888,6.79,29500,29500,21850,-1700,-0.9,1700,0.9,0.67,264,11333185456,임박
20261008,000250,삼천당제약,KOSDAQ,제약,243500,14983,6.15,257000,257000,158400,-13500,-0.901,13500,0.901,2.05,33,29820766660,임박
20261008,340450,지씨지놈,KOSDAQ,일반서비스,9870,565,5.72,10380,10380,6580,-510,-0.903,510,0.903,0.94,884,5057339690,임박
20261008,214430,아이쓰리시스템,KOSDAQ,전기전자,78900,3965,5.03,82500,82500,62200,-3600,-0.908,3600,0.908,1.19,126,2096516490,임박
20261008,293940,신한알파리츠,KOSPI,부동산,5520,109,1.97,5620,5620,5460,-100,-0.917,100,0.917,0.88,4587,532570430,임박
20261008,234690,녹십자웰빙,KOSDAQ,제약,10840,576,5.31,11370,11370,8820,-530,-0.92,530,0.92,0.66,868,3059918318,임박
20261008,039440,에스티아이,KOSDAQ,기계·장비,25200,1408,5.59,26500,26500,19510,-1300,-0.923,1300,0.923,1.56,355,2651629558,임박
20261008,330860,네패스아크,KOSDAQ,일반서비스,32950,2483,7.54,35250,35250,25950,-2300,-0.926,2300,0.926,1.4,201,7040205580,임박
20261008,102940,코오롱생명과학,KOSDAQ,제약,14250,903,6.34,15090,15090,13700,-840,-0.93,840,0.93,1.34,553,689663484,임박
20261008,031330,에스에이엠티,KOSDAQ,유통,8570,469,5.47,9010,9010,8090,-440,-0.938,440,0.938,0.71,1066,3092734114,임박
20261008,493280,아이엠바이오로직스,KOSDAQ,일반서비스,18460,1507,8.16,19880,19880,13510,-1420,-0.942,1420,0.942,0.4,331,3121787882,임박
20261008,028670,팬오션,KOSPI,운송·창고,6030,306,5.07,6320,6320,5560,-290,-0.948,290,0.948,0.65,1633,16237926921,임박
20261008,025560,미래산업,KOSPI,의료·정밀기기,7880,1159,14.71,8990,8990,5980,-1110,-0.958,1110,0.958,0.6,431,3516279198,임박
20261008,456160,지투지바이오,KOSDAQ,제약,42000,3197,7.61,45150,45150,31550,-3150,-0.985,3150,0.985,0.95,156,8418254870,임박
20261008,064850,에프앤가이드,KOSDAQ,IT 서비스,20550,1320,6.42,21850,21850,17900,-1300,-0.985,1300,0.985,0.64,378,735478905,임박
20261008,036460,한국가스공사,KOSPI,전기·가스,36100,963,2.67,37050,37050,34550,-950,-0.987,950,0.987,1.01,519,5381822778,임박
20261008,001530,DI동일,KOSPI,유통,27550,1418,5.15,28950,28600,24700,-1400,-0.987,1400,0.987,3.63,352,718123218,임박
20261008,278280,천보,KOSDAQ,화학,38450,1973,5.13,40400,40400,33450,-1950,-0.988,1950,0.988,1.34,253,1009013958,임박
20261008,457190,이수스페셜티케미컬,KOSPI,화학,80700,4138,5.13,84800,84800,62300,-4100,-0.991,4100,0.991,1.0,120,16436156645,임박
20261008,093050,LF,KOSPI,섬유·의류,23650,804,3.4,24450,24450,21200,-800,-0.995,800,0.995,1.36,621,580179262,임박
20261008,014680,한솔케미칼,KOSPI,화학,271000,13014,4.8,284000,284000,211000,-13000,-0.999,13000,0.999,0.99,38,13241640000,임박
20261008,0120G0,삼양바이오팜,KOSPI,제약,48150,3021,6.27,51200,51200,44550,-3050,-1.01,3050,1.01,1.13,165,1635992032,임박
20261008,052860,아이앤씨,KOSDAQ,전기전자,7750,464,5.99,8220,8220,6760,-470,-1.013,470,1.013,0.65,1077,570494492,임박
20261008,036800,나이스정보통신,KOSDAQ,통신,7980,759,9.51,8750,8750,7300,-770,-1.014,770,1.014,0.27,658,1063865626,임박
20261008,149950,아바텍,KOSDAQ,전기전자,12580,796,6.33,13390,13390,11550,-810,-1.018,810,1.018,0.31,628,2266868859,임박
20261008,131290,티에스이,KOSDAQ,의료·정밀기기,311000,24427,7.85,336000,336000,243000,-25000,-1.023,25000,1.023,0.48,20,40894924825,임박
20261008,042700,한미반도체,KOSPI,기계·장비,267000,14175,5.31,281500,281500,232500,-14500,-1.023,14500,1.023,1.58,35,167635107525,임박
20261008,003720,삼영,KOSPI,화학,6420,321,5.0,6750,6750,6140,-330,-1.028,330,1.028,0.96,1557,869138590,임박
20261008,336570,원텍,KOSDAQ,의료·정밀기기,5000,223,4.46,5230,5370,4745,-230,-1.031,230,1.031,1.54,2242,1989844276,임박
20261008,007390,네이처셀,KOSDAQ,제약,24550,1206,4.91,25800,25800,23850,-1250,-1.036,1250,1.036,1.08,414,4327846228,임박
20261008,307180,아이엘,KOSDAQ,전기전자,5720,354,6.19,6090,6090,5390,-370,-1.045,370,1.045,1.81,1412,1488643018,임박
20261008,000640,동아쏘시오홀딩스,KOSPI,금융,93000,2868,3.08,96000,96000,91700,-3000,-1.046,3000,1.046,0.78,174,862977820,임박
20261008,260970,에스앤디,KOSDAQ,음식료·담배,61300,2954,4.82,64400,64400,54900,-3100,-1.049,3100,1.049,0.78,169,701072520,임박
20261008,348210,넥스틴,KOSDAQ,기계·장비,40000,2426,6.07,42550,42550,32000,-2550,-1.051,2550,1.051,1.0,206,3247599262,임박
20261008,394280,오픈엣지테크놀로지,KOSDAQ,IT 서비스,10400,545,5.24,10980,10980,8720,-580,-1.064,580,1.064,0.72,917,1046227038,임박
20261008,220260,켐트로스,KOSDAQ,화학,4725,216,4.57,4955,4955,3750,-230,-1.065,230,1.065,0.84,2314,721022224,임박
20261008,206650,유바이오로직스,KOSDAQ,제약,8420,355,4.22,8800,9060,8170,-380,-1.07,380,1.07,3.86,1408,752999640,임박
20261008,005290,동진쎄미켐,KOSDAQ,화학,51200,2431,4.75,53800,53800,41050,-2600,-1.07,2600,1.07,1.0,205,20929958162,임박
20261008,011790,SKC,KOSPI,화학,108000,5409,5.01,113800,113800,86200,-5800,-1.072,5800,1.072,1.24,92,22823818440,임박
20261008,090460,비에이치,KOSPI,전기전자,21600,1304,6.04,23000,22700,19300,-1400,-1.074,1400,1.074,0.53,383,18155097427,임박
20261008,061970,LB세미콘,KOSDAQ,전기전자,4640,296,6.38,4960,4960,4010,-320,-1.081,320,1.081,0.79,1689,1506224710,임박
20261008,078150,HB테크놀러지,KOSDAQ,기계·장비,2355,129,5.48,2495,2495,2010,-140,-1.085,140,1.085,2.04,3875,4443651192,임박
20261008,307870,비투엔,KOSDAQ,IT 서비스,1296,86,6.64,1390,1363,1161,-94,-1.093,94,1.093,1.06,5813,755531148,임박
20261008,102120,어보브반도체,KOSDAQ,전기전자,8740,439,5.02,9220,9220,7230,-480,-1.093,480,1.093,1.02,1138,1761380123,임박
20261008,011690,와이투솔루션,KOSPI,전기전자,3680,209,5.68,3910,3910,3260,-230,-1.1,230,1.1,0.7,2392,586816098,임박
20261008,000520,삼일제약,KOSPI,제약,8350,409,4.9,8800,8800,7270,-450,-1.1,450,1.1,0.44,1222,810318344,임박
20261008,306620,지아이에스,KOSDAQ,기계·장비,2130,131,6.15,2275,2275,1976,-145,-1.107,145,1.107,0.66,3816,753747192,임박
20261008,314130,지놈앤컴퍼니,KOSDAQ,제약,5470,410,7.5,5930,5930,3465,-460,-1.122,460,1.122,0.98,1219,3003420146,임박
20261008,119830,아이텍,KOSDAQ,일반서비스,6520,417,6.4,6990,6990,6040,-470,-1.127,470,1.127,0.69,1199,831877005,임박
20261008,054450,텔레칩스,KOSDAQ,전기전자,10160,434,4.27,10650,10650,9660,-490,-1.129,490,1.129,0.83,1152,567864670,임박
20261008,084370,유진테크,KOSDAQ,기계·장비,173200,11443,6.61,186200,186200,134500,-13000,-1.136,13000,1.136,1.06,43,29039813635,임박
20261008,041920,메디아나,KOSDAQ,의료·정밀기기,10050,527,5.24,10650,10650,8430,-600,-1.139,600,1.139,0.85,948,669447633,임박
20261008,067310,하나마이크론,KOSDAQ,전기전자,51200,2885,5.63,54500,54500,38800,-3300,-1.144,3300,1.144,0.68,173,89157207470,임박
20261008,086670,비엠티,KOSDAQ,기계·장비,18880,741,3.92,19730,19730,17860,-850,-1.147,850,1.147,0.74,674,959527258,임박
20261008,170920,엘티씨,KOSDAQ,화학,41100,3050,7.42,44600,44600,33550,-3500,-1.148,3500,1.148,0.99,163,7519919165,임박
20261008,036010,아비코전자,KOSDAQ,전기전자,8030,426,5.31,8520,8520,7010,-490,-1.15,490,1.15,0.85,1173,737547756,임박
20261008,950160,코오롱티슈진,KOSDAQ,미분류,16030,2044,12.75,18390,18390,14860,-2360,-1.155,2360,1.155,0.68,244,10146362034,임박
20261008,138610,나이벡,KOSDAQ,제약,15650,811,5.18,16590,16590,14720,-940,-1.159,940,1.159,0.61,616,531407280,임박
20261008,007660,이수페타시스,KOSPI,전기전자,125500,7987,6.36,134800,134800,104900,-9300,-1.164,9300,1.164,2.15,62,96344271980,임박
20261008,100590,머큐리,KOSDAQ,전기전자,6000,468,7.8,6550,6550,4525,-550,-1.175,550,1.175,0.39,1068,11284169484,임박
20261008,200670,휴메딕스,KOSDAQ,제약,25650,936,3.65,26750,26750,23950,-1100,-1.175,1100,1.175,1.1,534,714672090,임박
20261008,036540,SFA반도체,KOSDAQ,전기전자,11580,671,5.79,12370,12370,9010,-790,-1.177,790,1.177,0.62,745,82835759131,임박
20261008,147830,제룡산업,KOSDAQ,금속,7210,262,3.63,7520,7520,6880,-310,-1.183,310,1.183,0.97,1908,803641182,임박
20261008,003670,포스코퓨처엠,KOSPI,전기전자,193100,10837,5.61,206000,206000,173300,-12900,-1.19,12900,1.19,1.61,46,64570756175,임박
20261008,355390,크라우드웍스,KOSDAQ,IT 서비스,1606,184,11.46,1825,1825,1311,-219,-1.19,219,1.19,0.65,2717,713278620,임박
20261008,032580,피델릭스,KOSDAQ,전기전자,7620,568,7.45,8300,8300,5590,-680,-1.197,680,1.197,0.57,880,5201862412,임박
20261008,452280,한선엔지니어링,KOSDAQ,금속,14050,1059,7.54,15320,15320,12180,-1270,-1.199,1270,1.199,0.39,472,16686192004,임박
20261008,160980,싸이맥스,KOSDAQ,기계·장비,27450,2068,7.53,29950,29950,24550,-2500,-1.209,2500,1.209,0.98,241,3186372850,임박
20261008,348340,뉴로메카,KOSDAQ,기계·장비,21400,1736,8.11,23500,23500,18640,-2100,-1.21,2100,1.21,1.9,288,7444290290,임박
20261008,005180,빙그레,KOSPI,음식료·담배,87900,3718,4.23,92400,92400,82750,-4500,-1.21,4500,1.21,0.31,134,4276242910,임박
20261008,448900,한국피아이엠,KOSDAQ,운송장비·부품,53200,4332,8.14,58450,58450,50500,-5250,-1.212,5250,1.212,0.74,115,3163802750,임박
20261008,002790,아모레퍼시픽홀딩스,KOSPI,화학,25900,982,3.79,27100,27100,24600,-1200,-1.222,1200,1.222,0.67,509,3039295345,임박
20261008,098120,마이크로컨텍솔,KOSDAQ,전기전자,58500,3681,6.29,63000,63000,52600,-4500,-1.222,4500,1.222,0.59,135,9447810422,임박
20261008,101160,월덱스,KOSDAQ,전기전자,32150,1267,3.94,33700,33700,29800,-1550,-1.223,1550,1.223,0.69,394,1390895428,임박
20261008,035000,HS애드,KOSPI,일반서비스,6400,155,2.42,6590,6570,5990,-190,-1.226,190,1.226,0.15,3225,1135105267,임박
20261008,440110,파두,KOSDAQ,전기전자,82800,6440,7.78,90700,90700,60000,-7900,-1.227,7900,1.227,0.59,77,45584557890,임박
20261008,003350,한국화장품제조,KOSPI,화학,16240,1354,8.34,17910,17910,14110,-1670,-1.233,1670,1.233,0.6,369,32738433762,임박
20261008,297090,씨에스베어링,KOSDAQ,기계·장비,4865,239,4.91,5160,5160,4440,-295,-1.234,295,1.234,0.41,2092,513223397,임박
20261008,264450,유비쿼스,KOSDAQ,전기전자,11570,437,3.78,12110,12110,10480,-540,-1.236,540,1.236,0.53,1144,819126252,임박
20261008,122640,예스티,KOSDAQ,기계·장비,32200,2176,6.76,34900,34900,29200,-2700,-1.241,2700,1.241,0.57,229,11379503055,임박
20261008,383310,에코프로에이치엔,KOSDAQ,화학,25250,1442,5.71,27050,27050,21350,-1800,-1.248,1800,1.248,0.65,346,3449890325,임박
20261008,484120,도우인시스,KOSDAQ,전기전자,23250,1597,6.87,25250,25250,21950,-2000,-1.252,2000,1.252,1.0,313,1488852261,임박
20261008,168360,펨트론,KOSDAQ,기계·장비,15890,1053,6.63,17210,17210,12750,-1320,-1.254,1320,1.254,1.59,474,2218346179,임박
20261008,005250,녹십자홀딩스,KOSPI,일반서비스,9750,318,3.26,10150,10150,9400,-400,-1.258,400,1.258,0.97,1572,545493706,임박
20261008,317330,덕산테코피아,KOSDAQ,화학,13410,856,6.38,14490,14490,12090,-1080,-1.262,1080,1.262,0.74,584,1622860658,임박
20261008,005850,에스엘,KOSPI,운송장비·부품,50300,2061,4.1,52900,52900,47850,-2600,-1.262,2600,1.262,1.02,242,3388883208,임박
20261008,00104K,CJ4우(전환),KOSPI,미분류,127900,4828,3.77,134000,134000,122600,-6100,-1.263,6100,1.263,0.34,103,856241790,임박
20261008,278470,에이피알,KOSPI,화학,371500,20092,5.41,397000,390000,356500,-25500,-1.269,25500,1.269,1.12,24,86746369900,임박
20261008,002360,SH에너지화학,KOSPI,화학,3520,299,8.49,3900,3900,1670,-380,-1.271,380,1.271,0.34,1672,692442840,임박
20261008,360350,코셈,KOSDAQ,의료·정밀기기,11990,871,7.26,13100,13100,6480,-1110,-1.274,1110,1.274,0.19,574,670471582,임박
20261008,237880,클리오,KOSDAQ,화학,12180,502,4.12,12820,13050,11700,-640,-1.275,640,1.275,1.77,996,712959002,임박
20261008,034230,파라다이스,KOSPI,오락·문화,9800,336,3.43,10230,10220,9240,-430,-1.28,430,1.28,1.66,1488,2699507494,임박
20261008,383800,LX홀딩스,KOSPI,금융,8100,156,1.93,8300,8300,7950,-200,-1.282,200,1.282,0.87,3205,593940034,임박
20261008,445180,퓨릿,KOSDAQ,화학,9840,452,4.59,10420,10420,7675,-580,-1.283,580,1.283,0.5,1106,640203706,임박
20261008,053610,프로텍,KOSDAQ,기계·장비,81400,4584,5.63,87300,87300,64700,-5900,-1.287,5900,1.287,1.87,109,3002662825,임박
20261008,065350,신성델타테크,KOSDAQ,전기전자,32350,1515,4.68,34300,34300,29750,-1950,-1.287,1950,1.287,0.82,330,2747504895,임박
20261008,200710,에이디테크놀로지,KOSDAQ,전기전자,28300,1552,5.48,30300,30300,24950,-2000,-1.289,2000,1.289,1.21,322,2552534628,임박
20261008,474610,RF시스템즈,KOSDAQ,금속,8180,488,5.97,8810,8810,7580,-630,-1.291,630,1.291,0.67,1024,693431130,임박
20261008,023410,유진기업,KOSDAQ,비금속,3220,89,2.76,3335,3335,3185,-115,-1.292,115,1.292,0.76,5617,655154348,임박
20261008,173130,오파스넷,KOSDAQ,IT 서비스,7810,301,3.85,8200,8200,7010,-390,-1.296,390,1.296,0.66,1661,839264967,임박
20261008,044820,코스맥스비티아이,KOSPI,금융,24300,1656,6.81,26450,26450,23100,-2150,-1.298,2150,1.298,1.03,301,761389100,임박
20261008,005950,이수화학,KOSPI,화학,11290,724,6.41,12240,12240,10340,-950,-1.312,950,1.312,0.63,690,3409566944,임박
20261008,007340,DN오토모티브,KOSPI,전기전자,49200,2817,5.73,52900,52900,47100,-3700,-1.313,3700,1.313,0.9,177,5772265738,임박
20261008,450080,에코프로머티,KOSPI,전기전자,37650,2089,5.55,40400,40400,33600,-2750,-1.316,2750,1.316,1.57,239,11153428302,임박
20261008,289080,SV인베스트먼트,KOSDAQ,금융,2695,163,6.05,2910,2910,2605,-215,-1.319,215,1.319,0.27,3067,5820084770,임박
20261008,287840,인투셀,KOSDAQ,일반서비스,17320,1249,7.21,18970,18970,15900,-1650,-1.321,1650,1.321,1.16,400,527520446,임박
20261008,419530,SAMG엔터,KOSDAQ,오락·문화,21700,1211,5.58,23300,23300,17000,-1600,-1.321,1600,1.321,2.03,412,1909899434,임박
20261008,005690,파미셀,KOSPI,전기전자,12860,726,5.65,13820,13820,11850,-960,-1.322,960,1.322,0.39,688,20111082156,임박
20261008,484870,엠앤씨솔루션,KOSPI,기계·장비,18500,1513,8.18,20500,20500,17110,-2000,-1.322,2000,1.322,0.69,330,2325729558,임박
20261008,396300,HT로보틱스,KOSDAQ,금속,5940,482,8.11,6580,6580,4465,-640,-1.328,640,1.328,1.49,1037,21909231496,임박
20261008,215000,골프존,KOSDAQ,IT 서비스,35750,862,2.41,36900,36700,34950,-1150,-1.334,1150,1.334,0.43,580,513196310,임박
20261008,355150,코스텍시스,KOSDAQ,전기전자,23250,1982,8.52,25900,25900,20000,-2650,-1.337,2650,1.337,1.24,252,2979921902,임박
20261008,327260,RF머트리얼즈,KOSDAQ,전기전자,53200,4993,9.39,59900,59900,44750,-6700,-1.342,6700,1.342,0.48,100,54616538102,임박
20261008,039030,이오테크닉스,KOSDAQ,기계·장비,524000,29774,5.68,564000,564000,454000,-40000,-1.343,40000,1.343,1.66,16,58477907725,임박
20261008,378340,필에너지,KOSDAQ,기계·장비,12680,625,4.93,13520,13520,11650,-840,-1.344,840,1.344,1.54,800,564236641,임박
20261008,006660,삼성공조,KOSPI,운송장비·부품,12710,808,6.36,13800,13800,12340,-1090,-1.349,1090,1.349,0.24,618,3673377502,임박
20261008,093370,후성,KOSPI,화학,15040,1077,7.16,16500,16500,13510,-1460,-1.356,1460,1.356,0.49,464,68312534410,임박
20261008,117730,티로보틱스,KOSDAQ,기계·장비,14340,750,5.23,15360,15360,13010,-1020,-1.36,1020,1.36,0.4,666,1914426686,임박
20261008,009900,명신산업,KOSPI,운송장비·부품,8460,379,4.48,8980,8980,7820,-520,-1.372,520,1.372,0.44,1319,1897899568,임박
20261008,265740,엔에프씨,KOSDAQ,화학,7680,501,6.52,8370,8370,7130,-690,-1.377,690,1.377,0.5,998,4214466148,임박
20261008,004100,태양금속,KOSPI,운송장비·부품,3200,127,3.97,3375,3375,2820,-175,-1.378,175,1.378,0.84,3937,1190724930,임박
20261008,049630,재영솔루텍,KOSDAQ,의료·정밀기기,6910,420,6.08,7490,7490,6800,-580,-1.381,580,1.381,0.83,1190,1365286878,임박
20261008,281820,케이씨텍,KOSPI,의료·정밀기기,124000,7291,5.88,134100,134100,73400,-10100,-1.385,10100,1.385,1.22,68,24339336620,임박
20261008,012750,에스원,KOSPI,일반서비스,84200,2881,3.42,88200,88200,81500,-4000,-1.388,4000,1.388,0.87,173,5856536485,임박
20261008,031210,서울보증보험,KOSPI,보험,42300,1219,2.88,44000,44000,39800,-1700,-1.395,1700,1.395,1.03,410,1705563792,임박
20261008,226590,엠디바이스,KOSDAQ,전기전자,14680,860,5.86,15880,15880,13510,-1200,-1.395,1200,1.395,0.39,581,1087846820,임박
20261008,432470,케이엔에스,KOSDAQ,기계·장비,10510,781,7.43,11600,11600,9900,-1090,-1.396,1090,1.396,0.53,640,3171947748,임박
20261008,097520,엠씨넥스,KOSPI,전기전자,18890,628,3.32,19770,19770,18000,-880,-1.401,880,1.401,1.04,796,525255048,임박
20261008,365550,ESR켄달스퀘어리츠,KOSPI,부동산,3095,110,3.55,3250,3250,3045,-155,-1.409,155,1.409,0.53,4545,719668392,임박
20261008,494120,큐리오시스,KOSDAQ,의료·정밀기기,9650,956,9.91,11000,11000,7800,-1350,-1.412,1350,1.412,0.69,523,928960214,임박
20261008,0009K0,에임드바이오,KOSDAQ,일반서비스,24250,1555,6.41,26450,26450,20800,-2200,-1.415,2200,1.415,1.09,321,2533976502,임박
20261008,300720,한일시멘트,KOSPI,비금속,16280,402,2.47,16850,16850,15900,-570,-1.418,570,1.418,1.34,1243,797929723,임박
20261008,483650,달바글로벌,KOSPI,화학,175000,11742,6.71,191800,191100,176100,-16800,-1.431,16800,1.431,0.84,42,25365055115,임박
20261008,010690,화신,KOSPI,운송장비·부품,7420,328,4.42,7890,7870,7300,-470,-1.433,470,1.433,0.77,1524,843203616,임박
20261008,0010F0,보원케미칼,KOSDAQ,화학,3265,286,8.76,3675,3675,2220,-410,-1.434,410,1.434,3.65,1748,6454523782,임박
20261008,036810,에프에스티,KOSDAQ,전기전자,33850,1947,5.75,36650,36650,27050,-2800,-1.438,2800,1.438,0.75,256,4252605375,임박
20261008,005830,DB손해보험,KOSPI,보험,186600,7635,4.09,197600,196800,179600,-11000,-1.441,11000,1.441,1.06,65,39591664225,임박
20261008,365270,큐라클,KOSDAQ,일반서비스,9770,624,6.39,10670,10670,8980,-900,-1.442,900,1.442,1.9,801,505401218,임박
20261008,020560,아시아나항공,KOSPI,운송·창고,8210,283,3.45,8620,8620,7700,-410,-1.449,410,1.449,1.34,1766,1079128912,임박
20261008,402490,그린리소스,KOSDAQ,전기전자,7580,461,6.08,8250,8250,6850,-670,-1.453,670,1.453,0.46,1084,1376320271,임박
20261008,077500,유니퀘스트,KOSPI,유통,9950,619,6.22,10850,10850,8120,-900,-1.454,900,1.454,0.74,807,3156844344,임박
20261008,464080,에스오에스랩,KOSDAQ,의료·정밀기기,10160,577,5.68,11000,11000,9550,-840,-1.456,840,1.456,0.77,866,1000549483,임박
20261008,008350,남선알미늄,KOSPI,금속,1087,35,3.22,1138,1138,1050,-51,-1.457,51,1.457,1.62,14285,757089549,임박
20261008,214370,케어젠,KOSDAQ,제약,41800,2952,7.06,46100,46100,39300,-4300,-1.457,4300,1.457,1.4,169,2737154082,임박
20261008,417010,나노팀,KOSDAQ,기계·장비,6360,507,7.97,7100,7100,5980,-740,-1.46,740,1.46,0.57,986,1688151925,임박
20261008,234030,싸이닉솔루션,KOSDAQ,전기전자,3735,246,6.59,4095,4095,3300,-360,-1.463,360,1.463,0.54,2032,1925792690,임박
20261008,060280,큐렉소,KOSDAQ,유통,8620,444,5.15,9270,9270,7750,-650,-1.464,650,1.464,1.16,1126,1650486530,임박
20261008,024900,디와이덕양,KOSPI,운송장비·부품,2160,92,4.26,2295,2295,1964,-135,-1.467,135,1.467,0.25,5434,558176345,임박
20261008,267320,나인테크,KOSDAQ,기계·장비,2815,160,5.68,3050,3060,2155,-235,-1.469,235,1.469,4.71,3125,9056625952,임박
20261008,072950,빛샘전자,KOSDAQ,전기전자,16110,1429,8.87,18210,18210,12650,-2100,-1.47,2100,1.47,0.17,349,66335766320,임박
20261008,043260,성호전자,KOSDAQ,전기전자,32400,2513,7.76,36100,36100,23400,-3700,-1.472,3700,1.472,0.52,198,133758022486,임박
20261008,319660,피에스케이,KOSDAQ,기계·장비,145100,11482,7.91,162000,162000,128100,-16900,-1.472,16900,1.472,1.18,43,50969255010,임박
20261008,042000,카페24,KOSDAQ,IT 서비스,22200,1393,6.27,24250,24250,14870,-2050,-1.472,2050,1.472,0.82,358,6222583624,임박
20261008,412350,레이저쎌,KOSDAQ,기계·장비,6670,542,8.13,7470,7470,5100,-800,-1.476,800,1.476,0.86,922,2581436900,임박
20261008,347700,스피어,KOSDAQ,IT 서비스,25200,2092,8.3,28300,28300,20600,-3100,-1.482,3100,1.482,1.23,239,35486396891,임박
20261008,439580,블루엠텍,KOSDAQ,유통,3095,263,8.5,3485,3485,2520,-390,-1.483,390,1.483,2.32,1901,5967640305,임박
20261008,114190,강원에너지,KOSDAQ,전기전자,9110,465,5.1,9800,9800,7700,-690,-1.484,690,1.484,0.99,1075,903572935,임박
20261008,089010,켐트로닉스,KOSDAQ,화학,28250,1480,5.24,30450,30450,22150,-2200,-1.486,2200,1.486,0.84,337,4223443115,임박
20261008,328130,루닛,KOSDAQ,IT 서비스,11370,753,6.62,12490,12490,9320,-1120,-1.487,1120,1.487,1.12,664,9840660307,임박
20261008,232140,와이씨,KOSDAQ,기계·장비,17130,1048,6.12,18690,18690,11960,-1560,-1.489,1560,1.489,0.61,477,40896071109,임박
20261008,032500,케이엠더블유,KOSDAQ,전기전자,19820,1229,6.2,21650,21650,18110,-1830,-1.489,1830,1.489,0.45,406,5348818863,임박
20261008,365340,성일하이텍,KOSDAQ,화학,37350,2080,5.57,40450,40450,33650,-3100,-1.49,3100,1.49,0.81,240,1185213762,임박
20261008,008730,율촌화학,KOSPI,화학,15510,642,4.14,16470,16300,14290,-960,-1.495,960,1.495,1.76,778,829519485,임박
20261008,0004V0,엔비알모션,KOSDAQ,금속,6090,468,7.68,6790,6790,5820,-700,-1.496,700,1.496,0.38,1068,1296139607,임박
20261008,348370,엔켐,KOSDAQ,화학,22000,1730,7.86,24600,24600,19810,-2600,-1.503,2600,1.503,1.98,289,4289670410,임박
20261008,138080,오이솔루션,KOSDAQ,전기전자,30750,2489,8.09,34500,34500,26300,-3750,-1.507,3750,1.507,0.43,200,13938988558,임박
20261008,489790,한화비전,KOSPI,전기전자,49050,2612,5.33,53000,53000,45600,-3950,-1.512,3950,1.512,0.68,191,8451732710,임박
20261008,028300,HLB,KOSDAQ,제약,45650,3337,7.31,50700,50700,29400,-5050,-1.513,5050,1.513,0.7,149,52971340325,임박
20261008,299030,하나기술,KOSDAQ,기계·장비,15050,885,5.88,16390,16390,13100,-1340,-1.514,1340,1.514,1.48,564,570599990,임박
20261008,046970,우리로,KOSDAQ,유통,8330,706,8.48,9400,9400,7050,-1070,-1.516,1070,1.516,0.31,708,52920995461,임박
20261008,493330,지에프아이,KOSDAQ,기계·장비,14120,907,6.42,15500,15500,11210,-1380,-1.521,1380,1.521,0.94,551,720326766,임박
20261008,158430,아톤,KOSDAQ,IT 서비스,6550,453,6.92,7240,7240,5200,-690,-1.523,690,1.523,1.1,1103,23983197140,임박
20261008,080220,제주반도체,KOSDAQ,전기전자,86400,5947,6.88,95500,95500,73200,-9100,-1.53,9100,1.53,0.86,84,118110396270,임박
20261008,389500,에스비비테크,KOSDAQ,기계·장비,41550,3032,7.3,46200,46200,39650,-4650,-1.534,4650,1.534,0.55,164,4420377800,임박
20261008,432720,퀄리타스반도체,KOSDAQ,전기전자,11650,747,6.41,12800,12800,10070,-1150,-1.539,1150,1.539,0.42,669,2918355584,임박
20261008,037460,삼지전자,KOSDAQ,전기전자,31200,1494,4.79,33500,33500,30025,-2300,-1.539,2300,1.539,0.54,334,1385362200,임박
20261008,125490,한라캐스트,KOSDAQ,운송장비·부품,12680,925,7.29,14110,14110,11420,-1430,-1.546,1430,1.546,0.43,540,24167279208,임박
20261008,469610,이노테크,KOSDAQ,기계·장비,15860,930,5.86,17300,17300,15100,-1440,-1.548,1440,1.548,0.31,537,1386962032,임박
20261008,204620,글로벌텍스프리,KOSDAQ,금융,5720,310,5.42,6200,6200,5360,-480,-1.548,480,1.548,0.57,1612,3904463266,임박
20261008,477850,마키나락스,KOSDAQ,IT 서비스,21150,2229,10.54,24600,24600,20700,-3450,-1.548,3450,1.548,0.61,224,9731421430,임박
20261008,022100,포스코DX,KOSPI,일반서비스,21100,900,4.27,22500,22500,19650,-1400,-1.556,1400,1.556,0.88,555,5984163957,임박
20261008,001040,CJ,KOSPI,금융,130400,5267,4.04,138600,138600,126600,-8200,-1.557,8200,1.557,0.81,94,13567393000,임박
20261008,045100,한양이엔지,KOSDAQ,일반서비스,33350,1477,4.43,35650,35650,31300,-2300,-1.557,2300,1.557,0.71,338,2570746790,임박
20261008,092730,네오팜,KOSDAQ,화학,23150,1185,5.12,25000,25000,22300,-1850,-1.561,1850,1.561,0.62,421,1228642652,임박
20261008,230240,에치에프알,KOSDAQ,전기전자,13350,948,7.1,14830,14830,12900,-1480,-1.561,1480,1.561,0.55,527,2588467022,임박
20261008,120110,코오롱인더,KOSPI,화학,55400,3185,5.75,60400,60400,53000,-5000,-1.57,5000,1.57,1.13,156,10475360075,임박
20261008,007690,국도화학,KOSPI,화학,37950,1303,3.43,40000,40000,36700,-2050,-1.573,2050,1.573,0.5,383,550501695,임박
20261008,310210,보로노이,KOSDAQ,일반서비스,138400,13591,9.82,159800,159800,130600,-21400,-1.575,21400,1.575,1.03,36,11846548825,임박
20261008,092220,KEC,KOSPI,전기전자,3105,212,6.83,3440,3440,2905,-335,-1.58,335,1.58,0.39,2358,2196836986,임박
20261008,039200,오스코텍,KOSDAQ,제약,37700,1982,5.26,40850,40850,34300,-3150,-1.589,3150,1.589,1.13,252,3933886512,임박
20261008,036620,감성코퍼레이션,KOSDAQ,유통,3750,157,4.19,4000,3930,3600,-250,-1.592,250,1.592,0.67,3184,726135136,임박
20261008,476830,알지노믹스,KOSDAQ,일반서비스,26300,3037,11.55,31150,31150,23450,-4850,-1.597,4850,1.597,1.04,164,7959730022,임박
20261008,009150,삼성전기,KOSPI,전기전자,1546000,95698,6.19,1699000,1699000,1396000,-153000,-1.599,153000,1.599,0.95,5,855504936100,임박
20261008,086390,유니테스트,KOSDAQ,기계·장비,14440,825,5.71,15760,15760,12200,-1320,-1.6,1320,1.6,0.79,606,2854592841,임박
20261008,161390,한국타이어앤테크놀로지,KOSPI,화학,62100,2562,4.13,66200,66200,56700,-4100,-1.6,4100,1.6,1.34,195,15895832075,임박
20261008,489460,바이오비쥬,KOSDAQ,화학,11810,628,5.32,12820,12820,10910,-1010,-1.608,1010,1.608,1.0,796,785301278,임박
20261008,302440,SK바이오사이언스,KOSPI,제약,36750,1242,3.38,38750,38750,35200,-2000,-1.61,2000,1.61,1.4,402,2343701145,임박
20261008,126340,비나텍,KOSDAQ,전기전자,87000,6572,7.55,97600,97600,77800,-10600,-1.613,10600,1.613,0.79,76,13059119115,임박
20261008,420570,제이투케이바이오,KOSDAQ,화학,9510,611,6.42,10500,10500,8890,-990,-1.62,990,1.62,0.5,818,581366331,임박
20261008,005880,대한해운,KOSPI,운송·창고,2030,80,3.94,2160,2160,1979,-130,-1.625,130,1.625,0.51,6250,2633941803,임박
20261008,037030,파워넷,KOSDAQ,전기전자,3830,246,6.42,4230,4230,3540,-400,-1.626,400,1.626,0.57,2032,1634606079,임박
20261008,092190,서울바이오시스,KOSDAQ,전기전자,8290,749,9.03,9510,9510,7480,-1220,-1.629,1220,1.629,0.51,667,1519079885,임박
20261008,052460,아이크래프트,KOSDAQ,IT 서비스,5800,550,9.48,6700,6700,5640,-900,-1.636,900,1.636,0.68,909,1240101728,임박
20261008,059120,아진엑스텍,KOSDAQ,전기전자,7450,468,6.28,8220,8220,7060,-770,-1.645,770,1.645,0.51,1068,3751175060,임박
20261008,199820,제일일렉트릭,KOSDAQ,전기전자,7580,388,5.12,8220,8220,7360,-640,-1.649,640,1.649,0.67,1288,1008748728,임박
20261008,003490,대한항공,KOSPI,운송·창고,30700,1090,3.55,32500,32500,28700,-1800,-1.651,1800,1.651,1.11,458,76194202015,임박
20261008,452450,피아이이,KOSDAQ,기계·장비,5800,399,6.88,6460,6460,4925,-660,-1.654,660,1.654,1.2,1253,4381493166,임박
20261008,008930,한미사이언스,KOSPI,금융,54900,3684,6.71,61000,63800,48500,-6100,-1.656,6100,1.656,4.36,135,16736652230,임박
20261008,192650,드림텍,KOSPI,전기전자,9020,507,5.62,9860,9860,7520,-840,-1.657,840,1.657,0.27,986,11233774610,임박
20261008,108860,셀바스AI,KOSDAQ,IT 서비스,8750,428,4.89,9460,9460,8640,-710,-1.659,710,1.659,0.6,1168,1861601338,임박
20261008,271940,일진하이솔루스,KOSPI,운송장비·부품,11450,482,4.21,12250,12250,10580,-800,-1.66,800,1.66,0.4,1037,589801474,임박
20261008,248070,솔루엠,KOSPI,전기전자,17200,747,4.34,18440,18440,12400,-1240,-1.66,1240,1.66,1.06,669,3860148019,임박
20261008,466100,클로봇,KOSDAQ,IT 서비스,22700,1476,6.5,25150,24750,22050,-2450,-1.66,2450,1.66,1.08,338,5515492938,임박
20261008,073490,LIG아큐버,KOSDAQ,전기전자,33100,1652,4.99,35850,35850,31200,-2750,-1.665,2750,1.665,0.76,302,1731169490,임박
20261008,340570,티앤엘,KOSDAQ,제약,27400,1707,6.23,30250,29550,27200,-2850,-1.67,2850,1.67,0.75,292,1710766405,임박
20261008,066970,엘앤에프,KOSPI,전기전자,116200,7951,6.84,129500,129500,104600,-13300,-1.673,13300,1.673,0.8,62,58274422905,임박
20261008,218410,RFHIC,KOSDAQ,전기전자,58500,3645,6.23,64600,64600,55800,-6100,-1.674,6100,1.674,0.48,137,33883425895,임박
20261008,114810,한솔아이원스,KOSDAQ,기계·장비,14650,871,5.95,16110,16110,12630,-1460,-1.676,1460,1.676,0.73,574,2944048540,임박
20261008,048410,현대바이오,KOSDAQ,화학,6930,476,6.87,7730,7730,6560,-800,-1.681,800,1.681,0.69,1050,11181509426,임박
20261008,012210,삼미금속,KOSDAQ,금속,12170,1239,10.18,14260,14260,10810,-2090,-1.687,2090,1.687,0.34,403,74378403082,임박
20261008,011200,HMM,KOSPI,운송·창고,20800,648,3.12,21900,21900,20700,-1100,-1.698,1100,1.698,1.58,771,16280176388,임박
20261008,071320,지역난방공사,KOSPI,전기·가스,77000,1994,2.59,80400,80400,75800,-3400,-1.705,3400,1.705,1.18,250,976585895,임박
20261008,104830,원익머트리얼즈,KOSDAQ,화학,41000,2169,5.29,44700,44700,33050,-3700,-1.706,3700,1.706,0.9,230,2891986608,임박
20261008,018290,브이티,KOSDAQ,화학,12940,598,4.62,13960,13960,11060,-1020,-1.706,1020,1.706,1.9,836,2337496501,임박
20261008,322510,제이엘케이,KOSDAQ,IT 서비스,5140,328,6.38,5700,5700,4720,-560,-1.707,560,1.707,0.67,1524,836463028,임박
20261008,304360,에스바이오메딕스,KOSDAQ,제약,21750,1255,5.77,23900,23900,19850,-2150,-1.713,2150,1.713,1.57,398,538002738,임박
20261008,095660,네오위즈,KOSDAQ,IT 서비스,17580,559,3.18,18540,18540,17490,-960,-1.717,960,1.717,1.11,894,667905466,임박
20261008,054540,삼영엠텍,KOSDAQ,금속,6800,390,5.74,7470,7470,6420,-670,-1.718,670,1.718,1.46,1282,555115816,임박
20261008,030530,원익홀딩스,KOSDAQ,화학,28400,2035,7.17,31900,31900,25800,-3500,-1.72,3500,1.72,0.26,245,61388782350,임박
20261008,234340,헥토파이낸셜,KOSDAQ,금융,22850,1628,7.12,25650,25150,20400,-2800,-1.72,2800,1.72,0.36,307,10437532042,임박
20261008,117670,알파칩스,KOSDAQ,전기전자,13000,1110,8.54,14930,14950,10010,-1930,-1.739,1930,1.739,4.78,450,2423277034,임박
20261008,241770,메카로,KOSDAQ,전기전자,39450,2233,5.66,43350,43350,37450,-3900,-1.747,3900,1.747,0.29,223,798265192,임박
20261008,298830,슈어소프트테크,KOSDAQ,IT 서비스,4240,186,4.39,4565,4565,4015,-325,-1.747,325,1.747,0.7,2688,696899282,임박
20261008,028100,동아지질,KOSPI,건설,19600,657,3.35,20750,20750,18700,-1150,-1.75,1150,1.75,0.24,761,2437630098,임박
20261008,065170,비엘팜텍,KOSDAQ,유통,2380,254,10.67,2825,2825,2050,-445,-1.752,445,1.752,0.55,1968,2103122048,임박
20261008,005430,한국공항,KOSPI,운송·창고,95100,4278,4.5,102600,102600,79400,-7500,-1.753,7500,1.753,0.85,116,520615020,임박
20261008,140670,알에스오토메이션,KOSDAQ,전기전자,10120,484,4.78,10970,10970,10100,-850,-1.756,850,1.756,0.65,1033,662702956,임박
20261008,036570,NC,KOSPI,IT 서비스,222000,12239,5.51,243500,243500,204500,-21500,-1.757,21500,1.757,1.69,40,27968429150,임박
20261008,094820,일진파워,KOSDAQ,건설,11800,584,4.95,12830,12830,11430,-1030,-1.764,1030,1.764,0.74,856,1252024946,임박
20261008,003780,진양산업,KOSPI,화학,4295,186,4.33,4625,4625,3925,-330,-1.774,330,1.774,0.85,2688,879856342,임박
20261008,476060,온코닉테라퓨틱스,KOSDAQ,일반서비스,14870,877,5.9,16430,16430,14660,-1560,-1.779,1560,1.779,0.71,570,3725705558,임박
20261008,001740,SK네트웍스,KOSPI,유통,6100,303,4.97,6640,6640,5990,-540,-1.782,540,1.782,1.18,1650,4395325128,임박
20261008,051370,인터플렉스,KOSDAQ,전기전자,7120,380,5.34,7800,7800,6200,-680,-1.789,680,1.789,0.63,1315,1866424746,임박
20261008,338220,뷰노,KOSDAQ,IT 서비스,7870,573,7.28,8900,8900,5070,-1030,-1.798,1030,1.798,0.39,872,3281867927,임박
20261008,358570,지아이이노베이션,KOSDAQ,일반서비스,8460,745,8.81,9800,9800,7740,-1340,-1.799,1340,1.799,0.95,671,2908404324,임박
20261008,217590,티엠씨,KOSPI,전기전자,18060,1243,6.88,20300,20300,13400,-2240,-1.802,2240,1.802,0.43,402,41888669254,임박
20261008,950260,인제니아테라퓨틱스(Reg.S),KOSDAQ,미분류,25350,2553,10.07,29950,29950,18590,-4600,-1.802,4600,1.802,0.3,195,43526287868,임박
20261008,298050,HS효성첨단소재,KOSPI,화학,164700,6311,3.83,176100,175000,157400,-11400,-1.806,11400,1.806,1.23,79,1291715885,임박
20261008,085660,차바이오텍,KOSDAQ,제약,8200,382,4.66,8890,8890,7770,-690,-1.806,690,1.806,0.89,1308,1532623612,임박
20261008,144510,지씨셀,KOSDAQ,일반서비스,14600,690,4.73,15850,15850,13740,-1250,-1.812,1250,1.812,0.76,724,622544420,임박
20261008,264850,이랜시스,KOSDAQ,전기전자,5790,364,6.29,6450,6450,5390,-660,-1.813,660,1.813,0.29,1373,3128171394,임박
20261008,241520,DSC인베스트먼트,KOSDAQ,금융,8010,395,4.93,8730,8730,7900,-720,-1.823,720,1.823,0.8,1265,858603850,임박
20261008,458870,씨어스,KOSDAQ,의료·정밀기기,25850,1781,6.89,29100,29100,23950,-3250,-1.825,3250,1.825,0.77,280,4584452768,임박
20261008,336370,솔루스첨단소재,KOSPI,전기전자,8610,524,6.09,9570,9570,7550,-960,-1.832,960,1.832,0.9,954,2213928692,임박
20261008,002350,넥센타이어,KOSPI,화학,5770,180,3.12,6100,6030,5460,-330,-1.833,330,1.833,1.09,2777,830611947,임박
20261008,017900,광전자,KOSPI,전기전자,10670,829,7.77,12190,12190,9150,-1520,-1.834,1520,1.834,0.21,603,85872501996,임박
20261008,484590,삼양컴텍,KOSDAQ,금속,7000,375,5.36,7690,7690,6450,-690,-1.84,690,1.84,0.68,1333,1392620040,임박
20261008,068760,셀트리온제약,KOSDAQ,제약,38800,1325,3.41,41250,40800,37800,-2450,-1.849,2450,1.849,0.63,377,3262868028,임박
20261008,041190,우리기술투자,KOSDAQ,금융,5890,389,6.6,6610,6610,5600,-720,-1.851,720,1.851,0.32,1285,18455550538,임박
20261008,090360,로보스타,KOSDAQ,기계·장비,75100,4647,6.19,83700,82800,74400,-8600,-1.851,8600,1.851,1.0,107,6964678710,임박
20261008,368770,파이버프로,KOSDAQ,의료·정밀기기,13450,857,6.37,15040,15040,12570,-1590,-1.855,1590,1.855,0.77,583,2777703764,임박
20261008,263860,지니언스,KOSDAQ,IT 서비스,23600,1563,6.62,26500,26500,16700,-2900,-1.855,2900,1.855,0.73,319,12057563698,임박
20261008,160190,하이젠알앤엠,KOSDAQ,전기전자,30950,2601,8.4,35800,35800,26350,-4850,-1.865,4850,1.865,0.99,192,11502772212,임박
20261008,277810,레인보우로보틱스,KOSDAQ,기계·장비,429000,24896,5.8,475500,470000,410500,-46500,-1.868,46500,1.868,1.02,20,27137407600,임박
20261008,475960,토모큐브,KOSDAQ,의료·정밀기기,33250,2269,6.82,37500,37500,26900,-4250,-1.873,4250,1.873,1.16,220,1373880098,임박
20261008,005930,삼성전자,KOSPI,전기전자,262000,12460,4.76,285500,285500,263500,-23500,-1.886,23500,1.886,1.27,40,4503714408250,임박
20261008,056360,코위버,KOSDAQ,전기전자,6200,450,7.26,7050,7050,5770,-850,-1.889,850,1.889,0.41,1111,1345533860,임박
20261008,088980,맥쿼리인프라,KOSPI,금융,9750,116,1.19,9970,9970,9720,-220,-1.897,220,1.897,0.75,4310,6663233604,임박
20261008,036090,위지트,KOSDAQ,기계·장비,1385,79,5.7,1535,1535,1361,-150,-1.899,150,1.899,0.23,6329,771734233,임박
20261008,004430,송원산업,KOSPI,화학,11590,426,3.68,12400,12400,10990,-810,-1.901,810,1.901,0.58,1173,1024704058,임박
20261008,082270,젬백스,KOSDAQ,기계·장비,10530,631,5.99,11730,11730,9900,-1200,-1.902,1200,1.902,0.99,792,1180216095,임박
20261008,100790,미래에셋벤처투자,KOSDAQ,금융,17120,1347,7.87,19690,19690,16620,-2570,-1.908,2570,1.908,0.72,371,9937125987,임박
20261008,462870,시프트업,KOSPI,IT 서비스,30750,1022,3.32,32700,32700,30500,-1950,-1.908,1950,1.908,1.34,489,986387435,임박
20261008,174900,앱클론,KOSDAQ,제약,25550,2172,8.5,29700,29700,19110,-4150,-1.911,4150,1.911,1.17,230,3897095436,임박
20261008,250060,모비스,KOSDAQ,IT 서비스,3060,167,5.46,3380,3380,3005,-320,-1.916,320,1.916,0.68,2994,557837443,임박
20261008,011070,LG이노텍,KOSPI,전기전자,572000,44349,7.75,657000,657000,514000,-85000,-1.917,85000,1.917,1.04,11,119492277350,임박
20261008,101170,우림피티에스,KOSDAQ,기계·장비,8810,532,6.04,9830,9830,8040,-1020,-1.917,1020,1.917,0.65,939,548870272,임박
20261008,021240,코웨이,KOSPI,일반서비스,101400,4068,4.01,109200,109200,97700,-7800,-1.917,7800,1.917,0.79,122,20397351635,임박
20261008,185750,종근당,KOSPI,제약,65900,1563,2.37,68900,68900,63600,-3000,-1.919,3000,1.919,1.04,319,1087754160,임박
20261008,002710,TCC스틸,KOSPI,금속,14010,942,6.72,15820,15820,11150,-1810,-1.921,1810,1.921,0.62,530,8811903602,임박
20261008,137310,에스디바이오센서,KOSPI,의료·정밀기기,6410,243,3.79,6880,6880,6020,-470,-1.934,470,1.934,1.44,2057,803031958,임박
20261008,042510,라온시큐어,KOSDAQ,IT 서비스,15390,1134,7.37,17590,17590,10590,-2200,-1.94,2200,1.94,1.0,440,38243748394,임박
20261008,115180,큐리언트,KOSDAQ,일반서비스,22350,2006,8.98,26250,25800,21300,-3900,-1.944,3900,1.944,1.79,249,2406259192,임박
20261008,062040,산일전기,KOSPI,전기전자,222500,12792,5.75,247500,247500,199800,-25000,-1.954,25000,1.954,0.99,39,61098982265,임박
20261008,039860,나노엔텍,KOSDAQ,의료·정밀기기,4485,225,5.02,4925,4925,4140,-440,-1.956,440,1.956,0.51,2222,1335967039,임박
20261008,058610,에스피지,KOSDAQ,전기전자,97400,6279,6.45,109700,109700,96200,-12300,-1.959,12300,1.959,0.62,79,34122142200,임박
20261008,389650,넥스트바이오메디컬,KOSDAQ,의료·정밀기기,29700,2108,7.1,33850,33850,28150,-4150,-1.969,4150,1.969,2.28,237,856878042,임박
20261008,042520,한스바이오메드,KOSDAQ,제약,20650,1573,7.62,23750,23750,17320,-3100,-1.971,3100,1.971,1.28,317,2316934382,임박
20261008,030520,한컴,KOSDAQ,IT 서비스,17520,755,4.31,19010,19010,16470,-1490,-1.974,1490,1.974,2.4,662,2695901508,임박
20261008,003680,한성기업,KOSPI,음식료·담배,4490,314,6.99,5110,5250,4370,-620,-1.975,620,1.975,11.66,1592,511178704,임박
20261008,027040,서울전자통신,KOSDAQ,전기전자,1918,150,7.82,2215,2215,1667,-297,-1.98,297,1.98,0.23,3333,969228797,임박
20261008,003690,코리안리,KOSPI,보험,14540,429,2.95,15390,15390,14120,-850,-1.981,850,1.981,1.24,1165,2881562356,임박
20261008,455900,엔젤로보틱스,KOSDAQ,기계·장비,20500,1186,5.79,22850,22950,20700,-2350,-1.981,2350,1.981,4.23,421,1044938548,임박
20261008,0015G0,그린광학,KOSDAQ,의료·정밀기기,14920,1013,6.79,16940,16940,13800,-2020,-1.994,2020,1.994,0.63,493,962467014,임박
20261008,138040,메리츠금융지주,KOSPI,금융,127300,4856,3.81,137000,135400,124700,-9700,-1.998,9700,1.998,0.98,102,23963646260,임박
20261008,402340,SK스퀘어,KOSPI,금융,1050000,75519,7.19,1201000,1201000,1080000,-151000,-1.999,151000,1.999,1.91,6,597807373800,임박
20261008,151860,KG에코솔루션,KOSDAQ,운송장비·부품,5390,179,3.32,5750,5750,5180,-360,-2.011,360,2.011,0.34,2793,504245837,임박
20261008,050890,쏠리드,KOSDAQ,전기전자,9860,591,5.99,11050,11050,9200,-1190,-2.014,1190,2.014,0.45,846,16172494846,임박
20261008,228760,지노믹트리,KOSDAQ,일반서비스,11320,730,6.45,12790,12790,10730,-1470,-2.014,1470,2.014,0.96,684,1204875694,임박
20261008,015860,일진홀딩스,KOSPI,금융,6930,273,3.94,7480,7480,6810,-550,-2.015,550,2.015,1.09,1831,601757269,임박
20261008,252990,샘씨엔에스,KOSDAQ,전기전자,18270,1227,6.72,20750,20750,17110,-2480,-2.021,2480,2.021,0.56,407,14156292960,임박
20261008,454910,두산로보틱스,KOSPI,기계·장비,69000,3633,5.27,76350,76350,67500,-7350,-2.023,7350,2.023,1.28,137,20658623045,임박
20261008,307950,현대오토에버,KOSPI,IT 서비스,360500,21505,5.97,404000,403000,360000,-43500,-2.023,43500,2.023,1.77,23,16462093700,임박
20261008,214180,헥토이노베이션,KOSDAQ,IT 서비스,13990,514,3.67,15030,14840,13420,-1040,-2.023,1040,2.023,0.93,972,590696764,임박
20261008,085620,미래에셋생명,KOSPI,보험,20400,1482,7.26,23400,23400,18630,-3000,-2.024,3000,2.024,2.02,337,2764077282,임박
20261008,039560,다산네트웍스,KOSDAQ,전기전자,2820,148,5.25,3120,3120,2425,-300,-2.027,300,2.027,0.87,3378,1072922247,임박
20261008,217730,강스템바이오텍,KOSDAQ,제약,2065,160,7.75,2390,2390,2000,-325,-2.031,325,2.031,1.55,3125,507968268,임박
20261008,388790,라이콤,KOSDAQ,전기전자,5170,433,8.38,6050,6050,5040,-880,-2.032,880,2.032,0.32,1154,5714311790,임박
20261008,005440,현대지에프홀딩스,KOSPI,금융,12850,536,4.17,13940,13940,12260,-1090,-2.034,1090,2.034,2.2,932,4819012964,임박
20261008,111770,영원무역,KOSPI,유통,70400,2941,4.18,76400,75900,66100,-6000,-2.04,6000,2.04,1.51,170,4178465525,임박
20261008,108230,톱텍,KOSDAQ,기계·장비,3195,169,5.29,3540,3540,3105,-345,-2.041,345,2.041,0.2,2958,877123502,임박
20261008,236200,슈프리마,KOSDAQ,전기전자,55100,2595,4.71,60400,60400,50500,-5300,-2.042,5300,2.042,0.7,192,1459551825,임박
20261008,209640,와이제이링크,KOSDAQ,기계·장비,3900,296,7.59,4505,4505,3520,-605,-2.044,605,2.044,0.3,1689,5868756295,임박
20261008,299170,더블유에스아이,KOSDAQ,유통,1469,95,6.47,1664,1664,1157,-195,-2.053,195,2.053,0.26,5263,3962860120,임박
20261008,005300,롯데칠성,KOSPI,음식료·담배,95300,1896,1.99,99200,99200,94000,-3900,-2.057,3900,2.057,1.0,263,1185843680,임박
20261008,094480,갤럭시아머니트리,KOSDAQ,IT 서비스,5530,316,5.71,6180,6050,5500,-650,-2.057,650,2.057,0.58,1582,1988365002,임박
20261008,950250,테라뷰,KOSDAQ,미분류,4040,352,8.71,4765,4765,3080,-725,-2.06,725,2.06,0.18,1420,8774669970,임박
20261008,000150,두산,KOSPI,전기전자,1342000,93633,6.98,1535000,1535000,1286000,-193000,-2.061,193000,2.061,0.9,5,130136686700,임박
20261008,089890,코세스,KOSDAQ,기계·장비,33000,2569,7.78,38300,38300,26950,-5300,-2.063,5300,2.063,0.97,194,6565954898,임박
20261008,086960,MDS테크,KOSDAQ,IT 서비스,2360,126,5.34,2620,2620,1955,-260,-2.063,260,2.063,0.26,3968,3084792768,임박
20261008,430690,한싹,KOSDAQ,IT 서비스,3120,276,8.85,3690,3690,2805,-570,-2.065,570,2.065,0.27,1811,1541600610,임박
20261008,457370,한켐,KOSDAQ,화학,10800,987,9.14,12840,12840,10530,-2040,-2.067,2040,2.067,0.12,506,25373599842,임박
20261008,095340,ISC,KOSDAQ,유통,199400,12366,6.2,225000,225000,186800,-25600,-2.07,25600,2.07,1.24,40,33113859430,임박
20261008,052020,에스티큐브,KOSDAQ,유통,7550,505,6.69,8600,8600,7200,-1050,-2.079,1050,2.079,0.71,990,1233272049,임박
20261008,142280,녹십자엠에스,KOSDAQ,제약,3735,252,6.75,4260,4465,3100,-525,-2.083,525,2.083,4.8,1984,8591491724,임박
20261008,025540,한국단자,KOSPI,전기전자,54100,1680,3.11,57600,57300,54700,-3500,-2.083,3500,2.083,1.04,297,848831285,임박
20261008,199800,툴젠,KOSDAQ,일반서비스,33450,2521,7.54,38700,38700,31250,-5250,-2.083,5250,2.083,0.81,198,1173068452,임박
20261008,234300,에스트래픽,KOSDAQ,IT 서비스,3130,151,4.82,3445,3445,3000,-315,-2.086,315,2.086,0.11,3311,510310528,임박
20261008,112040,위메이드,KOSDAQ,IT 서비스,15500,728,4.7,17020,17020,14850,-1520,-2.088,1520,2.088,1.03,686,3223152396,임박
20261008,319400,현대무벡스,KOSDAQ,기계·장비,20450,1315,6.43,23200,23200,20050,-2750,-2.091,2750,2.091,1.72,380,23418573228,임박
20261008,488280,에스투더블유,KOSDAQ,IT 서비스,16250,1133,6.97,18640,18640,13700,-2390,-2.109,2390,2.109,0.64,441,18789728486,임박
20261008,008830,대동기어,KOSDAQ,기계·장비,6100,365,5.98,6870,6870,6100,-770,-2.11,770,2.11,0.71,1369,1748068211,임박
20261008,086900,메디톡스,KOSDAQ,제약,65900,2311,3.51,70800,70800,66100,-4900,-2.12,4900,2.12,1.15,216,1030007350,임박
20261008,289930,웨이비스,KOSDAQ,전기전자,7900,467,5.91,8890,8890,7590,-990,-2.12,990,2.12,0.4,1070,776000090,임박
20261008,263800,데이타솔루션,KOSDAQ,유통,4545,261,5.74,5100,5100,4430,-555,-2.126,555,2.126,0.67,1915,613732470,임박
20261008,406820,뷰티스킨,KOSDAQ,화학,2340,249,10.64,2870,2870,2190,-530,-2.129,530,2.129,0.67,2008,4659818397,임박
20261008,317400,자이에스앤디,KOSPI,부동산,9870,789,7.99,11550,11550,9170,-1680,-2.129,1680,2.129,0.47,633,9373264818,임박
20261008,293580,나우IB,KOSDAQ,금융,1290,74,5.74,1448,1448,1183,-158,-2.135,158,2.135,0.36,6756,687310050,임박
20261008,332570,PS일렉트로닉스,KOSDAQ,전기전자,8410,646,7.68,9790,9790,8500,-1380,-2.136,1380,2.136,0.48,773,21515686561,임박
20261008,094800,맵스리얼티,KOSPI,미분류,7470,248,3.32,8000,8000,7490,-530,-2.137,530,2.137,0.39,2016,1037719492,임박
20261008,039830,오로라,KOSDAQ,일반서비스,14960,1057,7.07,17240,17240,14820,-2280,-2.157,2280,2.157,0.42,473,752701298,임박
20261008,003620,KG모빌리티,KOSPI,운송장비·부품,2600,88,3.38,2790,2750,2465,-190,-2.159,190,2.159,0.62,5681,1030191106,임박
20261008,068270,셀트리온,KOSPI,제약,179600,4812,2.68,190000,188800,175500,-10400,-2.161,10400,2.161,1.21,103,69349333140,임박
20261008,139130,iM금융지주,KOSPI,금융,17570,637,3.63,18950,18950,17670,-1380,-2.166,1380,2.166,1.43,784,7502200062,임박
20261008,194370,제이에스코퍼레이션,KOSPI,섬유·의류,12220,489,4.0,13280,13280,12000,-1060,-2.168,1060,2.168,0.35,1022,504448466,임박
20261008,016360,삼성증권,KOSPI,증권,85700,3364,3.93,93000,93000,85400,-7300,-2.17,7300,2.17,1.37,148,25761680535,임박
20261008,125020,티씨머티리얼즈,KOSDAQ,전기전자,5950,409,6.87,6840,6840,5820,-890,-2.176,890,2.176,0.55,1222,5113404199,임박
20261008,115500,케이씨에스,KOSDAQ,IT 서비스,11540,849,7.36,13390,13390,9650,-1850,-2.179,1850,2.179,0.41,588,8000797694,임박
20261008,037710,광주신세계,KOSPI,유통,33750,1143,3.39,36250,36250,33450,-2500,-2.187,2500,2.187,0.86,437,561579570,임박
20261008,026960,동서,KOSPI,유통,26300,731,2.78,27900,27900,25200,-1600,-2.189,1600,2.189,0.66,683,1703883100,임박
20261008,004370,농심,KOSPI,음식료·담배,397500,13468,3.39,427000,421500,386500,-29500,-2.19,29500,2.19,0.76,37,8740445800,임박
20261008,285130,SK케미칼,KOSPI,화학,51600,2099,4.07,56200,56200,49000,-4600,-2.192,4600,2.192,1.43,238,2266508550,임박
20261008,347850,디앤디파마텍,KOSDAQ,일반서비스,42850,3807,8.88,51200,51200,40500,-8350,-2.193,8350,2.193,1.15,131,24942439395,임박
20261008,047810,한국항공우주,KOSPI,운송장비·부품,121400,5970,4.92,134500,134500,121600,-13100,-2.194,13100,2.194,1.55,83,32970068985,임박
20261008,161890,한국콜마,KOSPI,화학,137100,8483,6.19,155800,155800,132000,-18700,-2.204,18700,2.204,1.34,58,44691201975,임박
20261008,012860,모베이스전자,KOSDAQ,운송장비·부품,2445,137,5.6,2750,2750,2255,-305,-2.226,305,2.226,1.15,3649,1208600142,임박
20261008,016610,DB증권,KOSPI,증권,9920,292,2.94,10570,10570,10090,-650,-2.226,650,2.226,0.73,1712,533590862,임박
20261008,039610,화성밸브,KOSDAQ,기계·장비,6480,431,6.65,7440,7440,5760,-960,-2.227,960,2.227,0.33,1160,2119744577,임박
20261008,333430,일승,KOSDAQ,운송장비·부품,3710,215,5.8,4190,4190,3610,-480,-2.233,480,2.233,0.55,2325,781547876,임박
20261008,418420,라온텍,KOSDAQ,전기전자,3935,311,7.9,4630,4630,3955,-695,-2.235,695,2.235,0.8,1607,584379250,임박
20261008,010170,대한광통신,KOSDAQ,전기전자,16970,1289,7.6,19870,19870,16260,-2900,-2.25,2900,2.25,0.41,387,263424327996,임박
20261008,376900,로킷헬스케어,KOSDAQ,제약,26850,2689,10.01,32900,32900,26000,-6050,-2.25,6050,2.25,0.71,185,4243132148,임박
20261008,439260,대한조선,KOSPI,운송장비·부품,45100,1710,3.79,48950,48950,44500,-3850,-2.251,3850,2.251,1.99,292,1447396392,임박
20261008,042370,비츠로테크,KOSDAQ,금융,10510,648,6.17,11970,11970,10270,-1460,-2.253,1460,2.253,0.32,771,17476904902,임박
20261008,037440,희림,KOSDAQ,일반서비스,4055,182,4.49,4465,4450,4045,-410,-2.253,410,2.253,0.36,2747,554725112,임박
20261008,0126Z0,삼성에피스홀딩스,KOSPI,금융,340500,17376,5.1,380000,380000,324500,-39500,-2.273,39500,2.273,1.32,28,12379245000,임박
20261008,034730,SK,KOSPI,금융,555000,32018,5.77,628000,628000,554000,-73000,-2.28,73000,2.28,1.62,15,72362432600,임박
20261008,090430,아모레퍼시픽,KOSPI,화학,135900,5888,4.33,149400,149400,129000,-13500,-2.293,13500,2.293,0.96,84,28963874110,임박
20261008,115440,우리넷,KOSDAQ,전기전자,10950,1039,9.49,13340,13340,9250,-2390,-2.3,2390,2.3,0.13,481,30100109812,임박
20261008,371950,풍원정밀,KOSDAQ,전기전자,3120,349,11.19,3925,3925,2695,-805,-2.307,805,2.307,2.25,1432,757748449,임박
20261008,067170,오텍,KOSDAQ,운송장비·부품,2545,225,8.84,3065,3065,2310,-520,-2.311,520,2.311,0.82,2222,1209514246,임박
20261008,064960,SNT모티브,KOSPI,운송장비·부품,26350,907,3.44,28450,28450,25150,-2100,-2.315,2100,2.315,0.76,551,1514464590,임박
20261008,101730,위메이드맥스,KOSDAQ,IT 서비스,4790,366,7.64,5640,5640,4410,-850,-2.322,850,2.322,0.96,1366,4430715530,임박
20261008,382900,범한퓨얼셀,KOSDAQ,전기전자,24300,1677,6.9,28200,28200,22500,-3900,-2.326,3900,2.326,0.21,298,6063805903,임박
20261008,0011T0,채비,KOSDAQ,전기전자,5140,411,8.0,6100,6100,5120,-960,-2.336,960,2.336,0.52,1216,1468318590,임박
20261008,320000,한울반도체,KOSDAQ,기계·장비,10020,950,9.48,12250,12250,9900,-2230,-2.347,2230,2.347,0.29,526,2507465847,임박
20261008,474650,링크솔루션,KOSDAQ,기계·장비,25500,2081,8.16,30400,30400,25850,-4900,-2.355,4900,2.355,1.24,240,1020599730,임박
20261008,051630,진양화학,KOSPI,화학,1666,149,8.94,2020,2020,1392,-354,-2.376,354,2.376,0.37,3355,1186064841,임박
20261008,128940,한미약품,KOSPI,제약,480500,29651,6.17,551000,551000,486000,-70500,-2.378,70500,2.378,2.57,16,57740074700,임박
20261008,010780,아이에스동서,KOSPI,비금속,14600,618,4.23,16070,16070,14560,-1470,-2.379,1470,2.379,0.7,809,996605806,임박
20261008,060370,LS마린솔루션,KOSDAQ,건설,31900,1806,5.66,36200,36200,31250,-4300,-2.381,4300,2.381,1.1,276,5023183395,임박
20261008,069620,대웅제약,KOSPI,제약,108500,4001,3.69,118100,117800,104900,-9600,-2.399,9600,2.399,1.73,124,1719415490,임박
20261008,213420,덕산네오룩스,KOSDAQ,전기전자,29950,1496,4.99,33550,33550,28500,-3600,-2.406,3600,2.406,0.68,334,5250576795,임박
20261008,032640,LG유플러스,KOSPI,통신,14400,328,2.28,15190,15190,14210,-790,-2.409,790,2.409,0.77,1524,12679558805,임박
20261008,090710,휴림로봇,KOSDAQ,기계·장비,6090,390,6.4,7030,7030,5950,-940,-2.41,940,2.41,0.78,1282,7688478124,임박
20261008,017510,세명전기,KOSDAQ,금속,7510,369,4.91,8400,8400,7430,-890,-2.412,890,2.412,0.5,1355,1451373508,임박
20261008,138930,BNK금융지주,KOSPI,금융,15310,546,3.57,16630,16630,15420,-1320,-2.418,1320,2.418,0.92,915,16142133014,임박
20261008,001450,현대해상,KOSPI,보험,47150,2210,4.69,52500,52500,46300,-5350,-2.421,5350,2.421,0.64,226,19815785862,임박
20261008,006140,피제이전자,KOSDAQ,의료·정밀기기,5700,275,4.82,6370,6370,4305,-670,-2.436,670,2.436,1.42,1818,1604969722,임박
20261008,456070,이엔셀,KOSDAQ,제약,5870,418,7.12,6890,6890,5730,-1020,-2.44,1020,2.44,0.24,1196,1600178792,임박
20261008,001060,JW중외제약,KOSPI,제약,26350,1000,3.8,28800,28800,26100,-2450,-2.45,2450,2.45,1.65,500,1107948602,임박
20261008,109820,진매트릭스,KOSDAQ,일반서비스,1720,114,6.63,2000,2000,1512,-280,-2.456,280,2.456,1.06,4385,509441810,임박
20261008,192250,케이사인,KOSDAQ,IT 서비스,9000,553,6.14,10360,10360,7830,-1360,-2.459,1360,2.459,0.69,904,1653780744,임박
20261008,066310,큐에스아이,KOSDAQ,전기전자,8400,474,5.64,9570,9570,7910,-1170,-2.468,1170,2.468,0.52,1054,854058430,임박
20261008,103590,일진전기,KOSPI,전기전자,81400,4700,5.77,93000,93000,72600,-11600,-2.468,11600,2.468,1.67,106,34932966630,임박
20261008,357880,SKAI,KOSDAQ,IT 서비스,1727,151,8.74,2100,2100,1722,-373,-2.47,373,2.47,0.52,3311,1324502627,임박
20261008,003090,대웅,KOSPI,제약,15690,566,3.61,17090,17090,15040,-1400,-2.473,1400,2.473,0.96,883,1061304896,임박
20261008,251270,넷마블,KOSPI,IT 서비스,33650,1211,3.6,36650,36650,33950,-3000,-2.477,3000,2.477,0.24,412,23831043425,임박
20261008,081180,쎄크,KOSDAQ,기계·장비,6070,533,8.78,7390,7390,5830,-1320,-2.477,1320,2.477,1.17,938,886174786,임박
20261008,093320,케이아이엔엑스,KOSDAQ,IT 서비스,131100,7074,5.4,148700,148700,122700,-17600,-2.488,17600,2.488,0.41,70,1440617345,임박
20261008,272210,한화시스템,KOSPI,전기전자,76600,5222,6.82,89600,89600,70000,-13000,-2.489,13000,2.489,1.81,95,57086461275,임박
20261008,445680,큐리옥스바이오시스템즈,KOSDAQ,의료·정밀기기,53500,4169,7.79,63900,63900,45250,-10400,-2.495,10400,2.495,2.06,119,3823657720,임박
20261008,0220W0,한화머시너리앤서비스홀딩스,KOSPI,금융,6080,556,9.14,7470,7470,5510,-1390,-2.5,1390,2.5,1.37,899,18574718520,임박
20261008,380550,뉴로핏,KOSDAQ,IT 서비스,7350,625,8.5,8920,8920,6880,-1570,-2.512,1570,2.512,0.6,800,1482345593,임박
20261008,065530,와이어블,KOSDAQ,통신,1447,72,4.98,1628,1628,1212,-181,-2.514,181,2.514,0.41,6944,1032279425,임박
20261008,036530,SNT홀딩스,KOSPI,금융,46050,1527,3.32,49900,49900,44550,-3850,-2.521,3850,2.521,1.64,327,583092312,임박
20261008,069260,TKG휴켐스,KOSPI,화학,15780,345,2.19,16650,16650,15630,-870,-2.522,870,2.522,1.03,1449,835154756,임박
20261008,011560,세보엠이씨,KOSDAQ,건설,22950,1446,6.3,26600,26600,22600,-3650,-2.524,3650,2.524,1.48,345,1636768110,임박
20261008,024840,KBI메탈,KOSDAQ,금속,5870,483,8.23,7090,7090,5810,-1220,-2.526,1220,2.526,0.38,1035,16686773644,임박
20261008,487580,폴레드,KOSDAQ,전기전자,2710,182,6.72,3170,3170,2695,-460,-2.527,460,2.527,1.06,2747,581448254,임박
20261008,241790,티이엠씨씨엔에스,KOSDAQ,기계·장비,6670,288,4.32,7400,7400,6120,-730,-2.535,730,2.535,0.92,1736,562770366,임박
20261008,058430,포스코스틸리온,KOSPI,금속,4410,217,4.92,4960,4960,4435,-550,-2.535,550,2.535,0.67,2304,998205773,임박
20261008,035460,기산텔레콤,KOSDAQ,전기전자,2480,132,5.32,2815,2815,2380,-335,-2.538,335,2.538,1.04,3787,500558429,임박
20261008,184230,SGA솔루션즈,KOSDAQ,IT 서비스,2145,173,8.07,2585,2585,1984,-440,-2.543,440,2.543,0.4,2890,703311305,임박
20261008,006340,대원전선,KOSPI,전기전자,12570,818,6.51,14650,14650,12710,-2080,-2.543,2080,2.543,0.47,611,32980891326,임박
20261008,003030,세아제강지주,KOSPI,금융,105100,6232,5.93,121000,121000,100700,-15900,-2.551,15900,2.551,1.16,80,2263877260,임박
20261008,119850,지엔씨에너지,KOSDAQ,전기전자,48300,4195,8.69,59000,59000,51000,-10700,-2.551,10700,2.551,0.73,119,34366261252,임박
20261008,108490,로보티즈,KOSDAQ,기계·장비,297500,21302,7.16,352000,352000,276500,-54500,-2.558,54500,2.558,0.71,23,103198862775,임박
20261008,308080,바이젠셀,KOSDAQ,일반서비스,5840,452,7.74,7000,7000,5450,-1160,-2.566,1160,2.566,0.56,1106,655693947,임박
20261008,068930,디지털대성,KOSDAQ,일반서비스,9240,296,3.2,10000,10000,8720,-760,-2.568,760,2.568,0.39,1689,900692038,임박
20261008,065440,이루온,KOSDAQ,IT 서비스,1562,105,6.72,1832,1832,1383,-270,-2.571,270,2.571,0.44,4761,1041446072,임박
20261008,003200,일신방직,KOSPI,섬유·의류,11510,527,4.58,12870,12870,10450,-1360,-2.581,1360,2.581,1.55,948,1525645604,임박
20261008,019210,와이지-원,KOSDAQ,금속,12150,1014,8.35,14770,14430,11890,-2620,-2.584,2620,2.584,0.81,493,6148345430,임박
20261008,000660,SK하이닉스,KOSPI,전기전자,1681000,98030,5.83,1935000,1935000,1723000,-254000,-2.591,254000,2.591,1.01,5,5671199311200,임박
20261008,003850,보령,KOSPI,제약,8610,293,3.4,9370,9370,8100,-760,-2.594,760,2.594,0.48,1706,991256193,임박
20261008,015750,성우하이텍,KOSDAQ,운송장비·부품,5810,196,3.37,6320,6320,5710,-510,-2.602,510,2.602,0.72,2551,976182600,임박
20261008,100090,SK오션플랜트,KOSPI,금속,12100,707,5.84,13940,13450,11250,-1840,-2.603,1840,2.603,0.71,707,6018480851,임박
20261008,033240,자화전자,KOSPI,전기전자,27000,1554,5.76,31050,29850,25400,-4050,-2.606,4050,2.606,1.06,321,1974045422,임박
20261008,127120,제이에스링크,KOSDAQ,일반서비스,28750,2338,8.13,34850,34850,27800,-6100,-2.609,6100,2.609,0.92,213,6460822302,임박
20261008,475150,SK이터닉스,KOSPI,건설,46000,3247,7.06,54500,54500,48550,-8500,-2.618,8500,2.618,1.3,153,42524427212,임박
20261008,025980,아난티,KOSDAQ,일반서비스,4900,286,5.84,5650,5630,4610,-750,-2.622,750,2.622,0.4,1748,7518726784,임박
20261008,315640,딥노이드,KOSDAQ,IT 서비스,2070,141,6.81,2440,2440,1873,-370,-2.624,370,2.624,0.55,3546,510813149,임박
20261008,000080,하이트진로,KOSPI,음식료·담배,14810,300,2.03,15600,15600,14670,-790,-2.633,790,2.633,0.95,1666,1068495647,임박
20261008,220100,퓨쳐켐,KOSDAQ,제약,7040,508,7.22,8380,8380,5940,-1340,-2.638,1340,2.638,0.52,984,820359626,임박
20261008,010820,퍼스텍,KOSPI,금속,5780,337,5.83,6670,6670,5970,-890,-2.641,890,2.641,0.71,1483,2635728364,임박
20261008,014830,유니드,KOSPI,화학,61200,1738,2.84,65800,65800,59500,-4600,-2.647,4600,2.647,1.23,287,645002955,임박
20261008,032350,롯데관광개발,KOSPI,일반서비스,11120,578,5.2,12650,12650,10220,-1530,-2.647,1530,2.647,0.88,865,3453036214,임박
20261008,263750,펄어비스,KOSDAQ,IT 서비스,32600,1353,4.15,36200,36200,32000,-3600,-2.661,3600,2.661,0.79,369,7720191995,임박
20261008,066430,아이로보틱스,KOSDAQ,유통,1994,133,6.67,2350,2350,2000,-356,-2.677,356,2.677,0.43,3759,928233815,임박
20261008,019170,신풍제약,KOSPI,제약,9780,548,5.6,11250,11250,8960,-1470,-2.682,1470,2.682,1.92,912,4834092442,임박
20261008,006910,보성파워텍,KOSDAQ,금속,6940,406,5.85,8030,8030,7000,-1090,-2.685,1090,2.685,0.62,1231,8373065338,임박
20261008,000500,가온전선,KOSPI,전기전자,295500,23785,8.05,359500,359500,296000,-64000,-2.691,64000,2.691,0.4,21,89704421475,임박
20261008,054920,한컴위드,KOSDAQ,IT 서비스,4875,373,7.65,5880,5880,4580,-1005,-2.694,1005,2.694,0.32,1340,16684319411,임박
20261008,044490,태웅,KOSDAQ,금속,35550,2356,6.63,41900,41900,35500,-6350,-2.695,6350,2.695,0.38,212,9051478890,임박
20261008,256840,한국비엔씨,KOSDAQ,제약,3060,230,7.52,3680,3680,2635,-620,-2.696,620,2.696,0.39,2173,16759279169,임박
20261008,468530,프로티나,KOSDAQ,일반서비스,44400,4377,9.86,56200,56200,34800,-11800,-2.696,11800,2.696,1.26,114,6800342555,임박
20261008,001510,SK증권,KOSPI,증권,2205,124,5.62,2540,2540,2200,-335,-2.702,335,2.702,0.57,4032,4954138264,임박
20261008,128820,대성산업,KOSPI,유통,4610,222,4.82,5210,5390,3980,-600,-2.703,600,2.703,10.3,2252,3425866536,임박
20261008,069540,빛과전자,KOSDAQ,전기전자,4870,414,8.5,5990,5990,3850,-1120,-2.705,1120,2.705,0.61,1207,111465863309,임박
20261008,099190,아이센스,KOSDAQ,의료·정밀기기,16580,693,4.18,18460,18460,15700,-1880,-2.713,1880,2.713,0.55,721,592490520,임박
20261008,189330,씨이랩,KOSDAQ,IT 서비스,9960,1112,11.16,12980,12980,9980,-3020,-2.716,3020,2.716,1.37,449,3010269594,임박
20261008,451760,컨텍,KOSDAQ,IT 서비스,7850,584,7.44,9440,9440,7900,-1590,-2.723,1590,2.723,0.5,856,1320975188,임박
20261008,452260,한화갤러리아,KOSPI,유통,2545,154,6.05,2965,2965,2545,-420,-2.727,420,2.727,0.39,3246,5293021101,임박
20261008,081660,미스토홀딩스,KOSPI,유통,38150,1466,3.84,42150,41250,37100,-4000,-2.729,4000,2.729,1.03,341,5027512600,임박
20261008,001440,대한전선,KOSPI,전기전자,28100,1946,6.93,33450,33450,28800,-5350,-2.749,5350,2.749,1.01,256,90341675335,임박
20261008,004490,세방전지,KOSPI,전기전자,62800,2466,3.93,69600,68800,58300,-6800,-2.758,6800,2.758,1.11,202,4338340560,임박
20261008,097230,HJ중공업,KOSPI,건설,14280,753,5.27,16360,16360,14350,-2080,-2.762,2080,2.762,0.94,664,3697283940,임박
20261008,394420,리센스메디컬,KOSDAQ,의료·정밀기기,7810,923,11.82,10380,10380,8200,-2570,-2.784,2570,2.784,1.8,541,775665295,임박
20261008,429270,시지트로닉스,KOSDAQ,전기전자,3325,298,8.96,4155,4155,3065,-830,-2.785,830,2.785,0.9,1677,779405156,임박
20261008,214320,이노션,KOSPI,일반서비스,17980,329,1.83,18900,18880,17890,-920,-2.796,920,2.796,1.06,1519,950075637,임박
20261008,396270,넥스트칩,KOSDAQ,전기전자,2320,159,6.85,2765,2765,2220,-445,-2.799,445,2.799,0.28,3144,1339116416,임박
20261008,017670,SK텔레콤,KOSPI,통신,84100,3642,4.33,94300,94300,84700,-10200,-2.801,10200,2.801,1.0,137,60232580825,임박
20261008,079940,가비아,KOSDAQ,IT 서비스,38900,1585,4.07,43350,43350,38250,-4450,-2.808,4450,2.808,0.12,315,3892920588,임박
20261008,005940,NH투자증권,KOSPI,증권,24800,908,3.66,27350,27350,25400,-2550,-2.808,2550,2.808,2.46,550,12181889130,임박
20261008,084010,대한제강,KOSPI,금속,8860,448,5.06,10120,10120,7760,-1260,-2.812,1260,2.812,0.73,1116,1834137735,임박
20261008,001720,신영증권,KOSPI,증권,135800,5396,3.97,151000,150400,136200,-15200,-2.817,15200,2.817,0.86,92,1191872055,임박
20261008,462860,더즌,KOSDAQ,통신,2870,252,8.78,3580,3580,2705,-710,-2.817,710,2.817,0.46,1984,11045131162,임박
20261008,187790,나노,KOSDAQ,화학,3080,246,7.99,3775,3775,2915,-695,-2.825,695,2.825,0.21,2032,695348474,임박
20261008,425420,티에프이,KOSDAQ,전기전자,64500,4314,6.69,76700,76700,56200,-12200,-2.828,12200,2.828,0.95,115,9356862860,임박
20261008,003010,혜인,KOSPI,유통,8060,999,12.39,10890,10890,8280,-2830,-2.833,2830,2.833,0.68,500,4811469932,임박
20261008,007310,오뚜기,KOSPI,음식료·담배,314000,8464,2.7,338000,337000,310500,-24000,-2.836,24000,2.836,3.1,59,1037949475,임박
20261008,0039P0,매드업,KOSDAQ,일반서비스,7760,927,11.95,10390,10330,7360,-2630,-2.837,2630,2.837,0.15,539,20760027464,임박
20261008,205470,휴마시스,KOSDAQ,제약,2860,208,7.27,3450,3385,2460,-590,-2.837,590,2.837,2.85,2403,601970103,임박
20261008,304100,솔트룩스,KOSDAQ,IT 서비스,13970,799,5.72,16240,16240,14510,-2270,-2.841,2270,2.841,1.08,625,1089157714,임박
20261008,035810,이지홀딩스,KOSDAQ,음식료·담배,4460,109,2.44,4770,4750,4385,-310,-2.844,310,2.844,0.7,4587,545864902,임박
20261008,261780,아리바이오랩,KOSDAQ,일반서비스,3685,341,9.25,4655,4655,3255,-970,-2.845,970,2.845,0.39,1466,4827144198,임박
20261008,208370,셀바스헬스케어,KOSDAQ,의료·정밀기기,2605,174,6.68,3100,3100,2255,-495,-2.845,495,2.845,0.21,2873,1889485462,임박
20261008,065450,빅텍,KOSDAQ,의료·정밀기기,2950,133,4.51,3330,3330,2835,-380,-2.857,380,2.857,0.31,3759,2879017531,임박
20261008,027360,아주IB투자,KOSDAQ,금융,3550,309,8.7,4435,4435,3625,-885,-2.864,885,2.864,0.34,1618,14700135010,임박
20261008,203650,드림시큐리티,KOSDAQ,IT 서비스,2755,211,7.66,3360,3360,2575,-605,-2.867,605,2.867,0.3,2369,28007368762,임박
20261008,211050,인카금융서비스,KOSDAQ,금융,9910,450,4.54,11200,11000,9330,-1290,-2.867,1290,2.867,0.49,1111,645619906,임박
20261008,004560,현대비앤지스틸,KOSPI,금속,11800,488,4.14,13200,13200,11870,-1400,-2.869,1400,2.869,0.42,1024,544051055,임박
20261008,356680,엑스게이트,KOSDAQ,IT 서비스,17950,1515,8.44,22300,22300,16510,-4350,-2.871,4350,2.871,0.23,330,103676849922,임박
20261008,028050,삼성E&A,KOSPI,일반서비스,48250,2418,5.01,55200,55200,46700,-6950,-2.874,6950,2.874,0.79,206,90782965295,임박
20261008,462510,라메디텍,KOSDAQ,의료·정밀기기,3505,271,7.73,4285,4285,2595,-780,-2.878,780,2.878,0.25,1845,505830304,임박
20261008,372910,한컴라이프케어,KOSPI,의료·정밀기기,2085,104,4.99,2385,2385,2055,-300,-2.885,300,2.885,0.13,4807,2574007702,임박
20261008,443060,HD현대마린솔루션,KOSPI,일반서비스,219500,11930,5.44,254000,254000,216500,-34500,-2.892,34500,2.892,0.96,41,27026474975,임박
20261008,298000,효성화학,KOSPI,화학,51300,3518,6.86,61500,61500,50500,-10200,-2.899,10200,2.899,0.68,142,954331900,임박
20261008,456010,아이씨티케이,KOSDAQ,전기전자,24150,2135,8.84,30350,30350,20850,-6200,-2.904,6200,2.904,0.61,234,28034002738,임박
20261008,014990,인디에프,KOSPI,섬유·의류,3915,363,9.27,4970,4480,3295,-1055,-2.906,1055,2.906,0.23,1377,1527279991,임박
20261008,025860,남해화학,KOSPI,화학,5940,189,3.18,6490,6490,5980,-550,-2.91,550,2.91,0.63,2645,1521345604,임박
20261008,388050,지투파워,KOSDAQ,전기전자,10130,711,7.02,12200,12200,9520,-2070,-2.911,2070,2.911,0.19,703,16495904468,임박
20261008,002020,코오롱,KOSPI,금융,22650,1248,5.51,26300,26300,22800,-3650,-2.925,3650,2.925,0.76,400,551060655,임박
20261008,000120,CJ대한통운,KOSPI,운송·창고,69300,1743,2.52,74400,74400,69200,-5100,-2.926,5100,2.926,1.05,286,3190151415,임박
20261008,064260,다날,KOSDAQ,IT 서비스,4450,259,5.82,5210,5130,4310,-760,-2.934,760,2.934,0.46,1930,4715405547,임박
20261008,017940,E1,KOSPI,유통,90500,3165,3.5,99800,99800,86600,-9300,-2.938,9300,2.938,0.6,157,794989180,임박
20261008,018000,유니슨,KOSDAQ,기계·장비,1112,64,5.76,1300,1300,1086,-188,-2.938,188,2.938,0.79,7812,1752419053,임박
20261008,900070,글로벌에스엠,KOSDAQ,미분류,1093,65,5.95,1284,1284,950,-191,-2.938,191,2.938,0.17,7692,700684012,임박
20261008,388720,유일로보틱스,KOSDAQ,기계·장비,69500,3637,5.23,80200,80200,65900,-10700,-2.942,10700,2.942,0.81,137,2276091040,임박
20261008,004440,삼일씨엔에스,KOSPI,비금속,5320,282,5.3,6150,6150,5000,-830,-2.943,830,2.943,0.29,1773,505785020,임박
20261008,094170,동운아나텍,KOSDAQ,전기전자,24950,1766,7.08,30150,28650,25200,-5200,-2.945,5200,2.945,1.17,283,1797065632,임박
20261008,274090,켄코아에어로스페이스,KOSDAQ,운송장비·부품,11460,1080,9.42,14650,14650,12000,-3190,-2.954,3190,2.954,0.39,462,18727505674,임박
20261008,002380,KCC,KOSPI,화학,460500,18077,3.93,514000,514000,453500,-53500,-2.96,53500,2.96,0.95,27,10330844100,임박
20261008,199430,케이엔알시스템,KOSDAQ,의료·정밀기기,16450,1232,7.49,20100,19960,17010,-3650,-2.963,3650,2.963,0.35,405,2531675797,임박
20261008,389470,인벤티지랩,KOSDAQ,일반서비스,26600,2496,9.38,34000,34000,23500,-7400,-2.965,7400,2.965,1.24,200,3196202678,임박
20261008,088800,에이스테크,KOSDAQ,전기전자,2270,192,8.46,2840,2840,2085,-570,-2.969,570,2.969,0.27,2604,1592108912,임박
20261008,019010,베뉴지,KOSDAQ,유통,4325,244,5.64,5050,5050,4280,-725,-2.971,725,2.971,0.24,2049,1031737928,임박
20261008,075580,세진중공업,KOSPI,운송장비·부품,9300,461,4.96,10670,10670,9420,-1370,-2.972,1370,2.972,1.33,1084,1069993138,임박
20261008,089590,제주항공,KOSPI,운송·창고,4485,183,4.08,5030,5030,4310,-545,-2.978,545,2.978,0.31,2732,1146894409,임박
20261008,204320,HL만도,KOSPI,운송장비·부품,44450,2131,4.79,50800,50800,44800,-6350,-2.98,6350,2.98,1.39,234,12089939025,임박
20261008,478340,나라스페이스테크놀로지,KOSDAQ,운송장비·부품,14450,1277,8.84,18260,18260,12660,-3810,-2.984,3810,2.984,0.17,391,25494629402,임박
20261008,010120,LS ELECTRIC,KOSPI,전기전자,195500,11227,5.74,229000,229000,198700,-33500,-2.984,33500,2.984,1.77,44,85878891445,임박
20261008,460930,현대힘스,KOSDAQ,운송장비·부품,12350,569,4.61,14050,14050,12520,-1700,-2.988,1700,2.988,0.94,878,1450072368,임박
20261008,253840,수젠텍,KOSDAQ,제약,4545,249,5.48,5290,5290,4350,-745,-2.992,745,2.992,1.18,2008,1762928932,임박
20261008,073240,금호타이어,KOSPI,화학,6780,364,5.37,7870,7870,6480,-1090,-2.995,1090,2.995,0.9,1373,9395887707,임박
20261008,064400,LG씨엔에스,KOSPI,IT 서비스,67500,3234,4.79,77200,76600,68300,-9700,-2.999,9700,2.999,1.6,154,32863295110,임박
20261008,294570,쿠콘,KOSDAQ,IT 서비스,26050,1815,6.97,31500,31500,25550,-5450,-3.003,5450,3.003,0.34,275,4383189648,임박
20261008,302430,이노메트리,KOSDAQ,기계·장비,7840,622,7.93,9710,9710,6940,-1870,-3.006,1870,3.006,0.17,803,4389011680,임박
20261008,459510,나우로보틱스,KOSDAQ,기계·장비,15360,857,5.58,17940,17940,15120,-2580,-3.011,2580,3.011,0.25,583,1759327550,임박
20261008,008970,KBI동양철관,KOSPI,금속,1421,91,6.4,1695,1695,1113,-274,-3.011,274,3.011,0.49,5494,5939015781,임박
20261008,014940,오리엔탈정공,KOSDAQ,기계·장비,4340,200,4.61,4945,4945,4330,-605,-3.025,605,3.025,0.99,2500,538398280,임박
20261008,249420,일동제약,KOSPI,제약,14020,712,5.08,16180,16180,13530,-2160,-3.034,2160,3.034,0.75,702,3278861854,임박
20261008,014280,금강공업,KOSPI,금속,4605,278,6.04,5450,5450,4340,-845,-3.04,845,3.04,0.14,1798,4430833908,임박
20261008,001260,남광토건,KOSPI,건설,8070,437,5.42,9400,9400,7470,-1330,-3.043,1330,3.043,0.51,1144,619827250,임박
20261008,016380,KG스틸,KOSPI,금속,5510,184,3.34,6070,6070,5480,-560,-3.043,560,3.043,0.77,2717,1444733684,임박
20261008,005010,휴스틸,KOSPI,금속,3890,197,5.06,4490,4490,3800,-600,-3.046,600,3.046,0.3,2538,3052852342,임박
20261008,189860,서전기전,KOSDAQ,전기전자,4920,364,7.4,6030,6030,4675,-1110,-3.049,1110,3.049,0.12,1373,3818135923,임박
20261008,0220WL,한화머시너리앤서비스홀딩스3우B,KOSPI,미분류,2400,170,7.08,2920,2870,2295,-520,-3.059,520,3.059,1.05,2941,1239343626,임박
20261008,499790,GS피앤엘,KOSPI,금융,37200,1842,4.95,42850,41100,35750,-5650,-3.067,5650,3.067,0.72,271,1628425310,임박
20261008,039490,키움증권,KOSPI,증권,243000,11826,4.87,279500,279500,244500,-36500,-3.086,36500,3.086,1.89,42,18051503000,임박
20261008,136150,원일티엔아이,KOSDAQ,기계·장비,12190,917,7.52,15020,15020,7980,-2830,-3.086,2830,3.086,0.29,545,3252477994,임박
20261008,389030,지니너스,KOSDAQ,일반서비스,1950,178,9.13,2500,2500,1891,-550,-3.09,550,3.09,0.53,2808,1011240445,임박
20261008,019990,에너토크,KOSDAQ,기계·장비,5300,330,6.23,6320,6320,4960,-1020,-3.091,1020,3.091,0.57,1515,858031990,임박
20261008,290740,액트로,KOSDAQ,전기전자,11460,941,8.21,14370,14370,10610,-2910,-3.092,2910,3.092,0.31,531,775787458,임박
20261008,076610,해성옵틱스,KOSDAQ,의료·정밀기기,1110,87,7.84,1379,1379,1082,-269,-3.092,269,3.092,0.77,5747,916831819,임박
20261008,025820,이구산업,KOSPI,금속,4180,168,4.02,4700,4700,4140,-520,-3.095,520,3.095,0.49,2976,749898093,임박
20261008,150900,파수AI,KOSDAQ,IT 서비스,4160,294,7.07,5070,5070,3810,-910,-3.095,910,3.095,0.45,1700,1550948145,임박
20261008,063160,종근당바이오,KOSPI,제약,14010,631,4.5,15980,15980,12560,-1970,-3.122,1970,3.122,2.48,792,546983648,임박
20261008,0156T0,에이치엘지노믹스,KOSDAQ,제약,8140,543,6.67,9840,9840,7860,-1700,-3.131,1700,3.131,0.4,920,642876258,임박
20261008,448730,삼성FN리츠,KOSPI,부동산,5130,182,3.55,5700,5700,4795,-570,-3.132,570,3.132,0.19,2747,555903400,임박
20261008,432320,KB스타리츠,KOSPI,부동산,1625,52,3.2,1788,1788,1605,-163,-3.135,163,3.135,0.38,9615,701367382,임박
20261008,049070,인탑스,KOSDAQ,전기전자,18770,741,3.95,21100,19430,17870,-2330,-3.144,2330,3.144,0.66,674,1165492754,임박
20261008,000810,삼성화재,KOSPI,보험,612000,26026,4.25,694000,694000,617000,-82000,-3.151,82000,3.151,1.42,19,55176266500,임박
20261008,032300,한국파마,KOSDAQ,제약,8570,431,5.03,9930,9930,7170,-1360,-3.155,1360,3.155,0.68,1160,1699152185,임박
20261008,098070,한텍,KOSDAQ,금속,23150,1378,5.95,27500,27500,22700,-4350,-3.157,4350,3.157,0.72,362,2429712395,임박
20261008,066570,LG전자,KOSPI,전기전자,200500,11873,5.92,238000,238000,198000,-37500,-3.158,37500,3.158,1.35,42,153779165225,임박
20261008,0015S0,페스카로,KOSDAQ,일반서비스,8110,611,7.53,10040,10040,7730,-1930,-3.159,1930,3.159,0.1,818,2251400736,임박
20261008,452430,사피엔반도체,KOSDAQ,전기전자,35350,2484,7.03,43200,43200,35100,-7850,-3.16,7850,3.16,0.53,201,2019469335,임박
20261008,483350,딜리셔스,KOSDAQ,유통,2640,243,9.2,3410,3410,2645,-770,-3.169,770,3.169,0.47,2057,1780500736,임박
20261008,240550,동방메디컬,KOSDAQ,의료·정밀기기,6300,326,5.17,7340,7340,5890,-1040,-3.19,1040,3.19,0.13,1533,2960897008,임박
20261008,032830,삼성생명,KOSPI,보험,269000,15809,5.88,319500,319500,276500,-50500,-3.194,50500,3.194,1.2,31,82986790800,임박
20261008,062970,한국첨단소재,KOSDAQ,전기전자,2975,292,9.82,3910,3910,2740,-935,-3.202,935,3.202,0.23,1712,19826319348,임박
20261008,003530,한화투자증권,KOSPI,증권,4385,220,5.02,5090,4995,4400,-705,-3.205,705,3.205,0.55,2272,5204021125,임박
20261008,060250,NHN KCP,KOSDAQ,금융,13330,704,5.28,15590,15280,12980,-2260,-3.21,2260,3.21,0.47,710,3089080024,임박
20261008,035250,강원랜드,KOSPI,오락·문화,14190,252,1.78,15000,15000,14200,-810,-3.214,810,3.214,1.46,1984,3204780838,임박
20261008,02826K,삼성물산우B,KOSPI,미분류,210500,11969,5.69,249000,249000,214000,-38500,-3.217,38500,3.217,0.95,41,997909200,임박
20261008,030200,KT,KOSPI,통신,52100,1072,2.06,55550,55550,51100,-3450,-3.218,3450,3.218,2.17,466,14460705085,임박
20261008,067000,조이시티,KOSDAQ,IT 서비스,1190,59,4.96,1380,1380,1104,-190,-3.22,190,3.22,0.37,8474,767776714,임박
20261008,411080,샌즈랩,KOSDAQ,IT 서비스,7530,659,8.75,9660,9660,6040,-2130,-3.232,2130,3.232,0.57,758,19667891492,임박
20261008,006220,제주은행,KOSPI,금융,9400,337,3.59,10490,10490,9400,-1090,-3.234,1090,3.234,0.62,1483,1637751170,임박
20261008,352820,하이브,KOSPI,오락·문화,163900,7263,4.43,187400,187400,153300,-23500,-3.236,23500,3.236,1.12,68,32358535145,임박
20261008,005490,POSCO홀딩스,KOSPI,금속,306500,11103,3.62,342500,342500,302500,-36000,-3.242,36000,3.242,1.89,45,68559215975,임박
20261008,010580,에스엠벡셀,KOSPI,운송장비·부품,2330,225,9.66,3060,3060,2145,-730,-3.244,730,3.244,1.48,2222,13715316777,임박
20261008,020120,키다리스튜디오,KOSPI,IT 서비스,6980,760,10.89,9450,9450,6590,-2470,-3.25,2470,3.25,1.51,657,4762808590,임박
20261008,394800,쓰리빌리언,KOSDAQ,일반서비스,5900,504,8.54,7540,7540,4610,-1640,-3.254,1640,3.254,1.27,992,6165603126,임박
20261008,487400,케이앤에스아이앤씨,KOSDAQ,전기전자,5720,920,16.08,8720,8720,6050,-3000,-3.261,3000,3.261,0.47,543,1935577940,임박
20261008,140410,메지온,KOSDAQ,일반서비스,69000,4684,6.79,84300,84300,64300,-15300,-3.266,15300,3.266,0.66,106,7403836530,임박
20261008,153890,져스텍,KOSDAQ,전기전자,8480,1098,12.95,12070,12070,8760,-3590,-3.27,3590,3.27,0.32,455,3815034656,임박
20261008,004690,삼천리,KOSPI,전기·가스,127900,3211,2.51,138400,138400,125700,-10500,-3.27,10500,3.27,1.01,155,728185140,임박
20261008,089980,상아프론테크,KOSDAQ,화학,16150,758,4.69,18640,18640,15320,-2490,-3.285,2490,3.285,0.35,659,765038801,임박
20261008,306200,세아제강,KOSPI,금속,145200,7175,4.94,168800,168800,136200,-23600,-3.289,23600,3.289,0.74,69,2013784820,임박
20261008,001360,삼성제약,KOSPI,제약,1376,65,4.72,1590,1590,1270,-214,-3.292,214,3.292,0.65,7692,653589918,임박
20261008,095700,제넥신,KOSDAQ,일반서비스,2905,218,7.5,3625,3625,2640,-720,-3.303,720,3.303,0.71,2293,726912790,임박
20261008,026940,부국철강,KOSPI,금속,2040,121,5.93,2440,2440,2035,-400,-3.306,400,3.306,0.33,4132,681910789,임박
20261008,092790,넥스틸,KOSPI,금속,13260,858,6.47,16100,16100,13030,-2840,-3.31,2840,3.31,0.16,582,18490164219,임박
20261008,079160,CJ CGV,KOSPI,오락·문화,5030,199,3.96,5690,5690,4900,-660,-3.317,660,3.317,0.37,2512,1776504701,임박
20261008,011230,삼화전자,KOSPI,전기전자,2565,161,6.28,3100,3100,2600,-535,-3.323,535,3.323,0.26,3105,1169043719,임박
20261008,000430,대원강업,KOSPI,운송장비·부품,4405,206,4.68,5090,5090,4340,-685,-3.325,685,3.325,0.45,2427,529362178,임박
20261008,091440,한울소재과학,KOSDAQ,전기전자,2765,206,7.45,3450,3450,2650,-685,-3.325,685,3.325,0.43,2427,853035045,임박
20261008,434480,모니터랩,KOSDAQ,IT 서비스,2930,245,8.36,3745,3745,2700,-815,-3.327,815,3.327,0.31,2040,1410558336,임박
20261008,001200,유진투자증권,KOSPI,증권,3970,132,3.32,4410,4410,3955,-440,-3.333,440,3.333,0.72,3787,1683108736,임박
20261008,298040,효성중공업,KOSPI,전기전자,2494000,154071,6.18,3009000,3009000,2575000,-515000,-3.343,515000,3.343,1.65,3,110063050950,임박
20261008,006360,GS건설,KOSPI,건설,32100,2168,6.75,39350,39350,31750,-7250,-3.344,7250,3.344,0.53,230,55117371625,임박
20261008,017800,현대엘리베이터,KOSPI,기계·장비,69900,1881,2.69,76200,76200,71700,-6300,-3.349,6300,3.349,1.83,265,5948717810,임박
20261008,013580,계룡건설,KOSPI,건설,21200,894,4.22,24200,24200,21150,-3000,-3.356,3000,3.356,0.62,559,1091663648,임박
20261008,242040,나무AX,KOSDAQ,IT 서비스,3060,217,7.09,3790,3790,2990,-730,-3.364,730,3.364,0.73,2304,887101670,임박
20261008,139480,이마트,KOSPI,유통,70000,1930,2.76,76500,76500,70400,-6500,-3.368,6500,3.368,1.35,259,6566028520,임박
20261008,463020,뉴엔AI,KOSDAQ,IT 서비스,6480,650,10.03,8670,8640,6600,-2190,-3.369,2190,3.369,0.4,769,762042354,임박
20261008,255220,SG,KOSDAQ,비금속,1041,81,7.78,1315,1315,1053,-274,-3.383,274,3.383,0.99,6172,2276464738,임박
20261008,0082N0,카나프테라퓨틱스,KOSDAQ,일반서비스,12340,1166,9.45,16290,14600,11470,-3950,-3.388,3950,3.388,0.72,428,884636712,임박
20261008,011700,한신기계,KOSPI,기계·장비,2495,137,5.49,2960,2960,2370,-465,-3.394,465,3.394,0.54,3649,819502847,임박
20261008,049080,기가레인,KOSDAQ,전기전자,8980,878,9.78,11970,11970,9150,-2990,-3.405,2990,3.405,0.19,569,7651830880,임박
20261008,058730,다스코,KOSPI,금속,3110,228,7.33,3890,3720,3080,-780,-3.421,780,3.421,0.34,2192,1255277992,임박
20261008,189300,인텔리안테크,KOSDAQ,전기전자,63000,4179,6.63,77300,77300,64900,-14300,-3.422,14300,3.422,1.58,119,4729666120,임박
20261008,024110,기업은행,KOSPI,금융,19750,453,2.29,21300,21300,19970,-1550,-3.422,1550,3.422,1.53,1103,16692871395,임박
20261008,099320,쎄트렉아이,KOSDAQ,운송장비·부품,68600,5137,7.49,86200,86200,74600,-17600,-3.426,17600,3.426,1.69,97,4729949150,임박
20261008,387690,레메디,KOSDAQ,의료·정밀기기,17470,2046,11.71,24500,24500,15200,-7030,-3.436,7030,3.436,0.21,244,33152798045,임박
20261008,456040,OCI,KOSPI,화학,71200,3489,4.9,83200,83200,72300,-12000,-3.439,12000,3.439,0.84,143,2145716570,임박
20261008,051900,LG생활건강,KOSPI,화학,269500,12355,4.58,312000,312000,261000,-42500,-3.44,42500,3.44,0.93,40,18676635575,임박
20261008,097800,윈팩,KOSDAQ,전기전자,3640,260,7.14,4535,4535,2185,-895,-3.442,895,3.442,1.04,1923,4824361502,임박
20261008,067920,이글루,KOSDAQ,IT 서비스,6130,273,4.45,7070,7070,5710,-940,-3.443,940,3.443,0.71,1831,1112024354,임박
20261008,000210,DL,KOSPI,화학,48450,2366,4.88,56600,56600,47700,-8150,-3.445,8150,3.445,0.78,211,2681343608,임박
20261008,437730,삼현,KOSDAQ,운송장비·부품,48100,3537,7.35,60300,60300,47350,-12200,-3.449,12200,3.449,0.49,141,29041986322,임박
20261008,294630,서남,KOSDAQ,전기전자,3100,168,5.42,3680,3300,2980,-580,-3.452,580,3.452,0.3,2976,634797902,임박
20261008,033500,동성화인텍,KOSDAQ,화학,15210,675,4.44,17540,17540,15300,-2330,-3.452,2330,3.452,0.99,740,1276949520,임박
20261008,052690,한전기술,KOSPI,일반서비스,123000,9001,7.32,154100,154100,119100,-31100,-3.455,31100,3.455,0.78,55,100704446950,임박
20261008,105560,KB금융,KOSPI,금융,162800,5468,3.36,181700,181700,165300,-18900,-3.456,18900,3.456,0.91,91,155266926495,임박
20261008,032190,다우데이타,KOSDAQ,유통,18450,677,3.67,20800,20800,18730,-2350,-3.471,2350,3.471,0.96,738,1013647213,임박
20261008,321370,센서뷰,KOSDAQ,전기전자,1740,186,10.69,2390,2390,1620,-650,-3.495,650,3.495,0.28,2688,17294168897,임박
20261008,069960,현대백화점,KOSPI,유통,86500,4786,5.53,103300,103300,85200,-16800,-3.51,16800,3.51,0.54,104,10398036210,임박
20261008,035510,신세계 I&C,KOSPI,IT 서비스,14800,634,4.28,17030,17030,15070,-2230,-3.517,2230,3.517,0.35,788,3419675348,임박
20261008,041830,인바디,KOSDAQ,의료·정밀기기,51000,3367,6.6,62900,60500,50800,-11900,-3.534,11900,3.534,0.96,148,4018848685,임박
20261008,099750,이지케어텍,KOSDAQ,IT 서비스,7180,415,5.78,8650,8650,6950,-1470,-3.542,1470,3.542,0.08,1204,1312692331,임박
20261008,053300,한국정보인증,KOSDAQ,IT 서비스,5310,220,4.14,6090,6090,4975,-780,-3.545,780,3.545,0.32,2272,3227717240,임박
20261008,122990,와이솔,KOSDAQ,전기전자,6200,217,3.5,6970,6970,6380,-770,-3.548,770,3.548,0.57,2304,509866837,임박
20261008,225570,넥슨게임즈,KOSDAQ,IT 서비스,10010,499,4.99,11790,11790,10210,-1780,-3.567,1780,3.567,1.75,1002,1603278230,임박
20261008,079550,LIG디펜스앤에어로스페이스,KOSPI,금속,616000,45855,7.44,780000,780000,659000,-164000,-3.576,164000,3.576,2.84,10,66123570000,임박
20261008,006260,LS,KOSPI,금융,267500,19853,7.42,338500,338500,280000,-71000,-3.576,71000,3.576,1.62,25,39119714975,임박
20261008,011170,롯데케미칼,KOSPI,화학,59600,3299,5.54,71400,71400,57000,-11800,-3.577,11800,3.577,0.55,151,11992699495,임박
20261008,034220,LG디스플레이,KOSPI,전기전자,8160,352,4.31,9420,9400,8210,-1260,-3.58,1260,3.58,1.07,1420,25033371126,임박
20261008,071050,한국금융지주,KOSPI,금융,168600,7624,4.52,195900,195900,173600,-27300,-3.581,27300,3.581,1.49,65,29410156835,임박
20261008,047770,코데즈컴바인,KOSDAQ,섬유·의류,3485,248,7.12,4375,4070,3285,-890,-3.589,890,3.589,0.22,2016,3461075740,임박
20261008,900290,GRT,KOSDAQ,미분류,3280,248,7.56,4170,4000,3215,-890,-3.589,890,3.589,0.73,2016,857838626,임박
20261008,00088K,한화3우B,KOSPI,미분류,36200,2098,5.8,43750,43750,37250,-7550,-3.599,7550,3.599,0.59,238,1045226015,임박
20261008,039840,디오,KOSDAQ,의료·정밀기기,9750,422,4.33,11270,11250,9100,-1520,-3.602,1520,3.602,0.59,1184,589334756,임박
20261008,475230,엔알비,KOSDAQ,금속,9330,705,7.56,11870,11870,9400,-2540,-3.603,2540,3.603,0.63,709,945771232,임박
20261008,424870,이뮨온시아,KOSDAQ,일반서비스,3300,233,7.06,4140,4140,3070,-840,-3.605,840,3.605,0.34,2145,5106578984,임박
20261008,330350,위더스제약,KOSDAQ,제약,7040,488,6.93,8800,8800,7000,-1760,-3.607,1760,3.607,0.22,1024,2280044579,임박
20261008,318060,그래피,KOSDAQ,화학,14830,1117,7.53,18860,18780,15210,-4030,-3.608,4030,3.608,2.51,447,830973571,임박
20261008,211270,AP위성,KOSDAQ,전기전자,8020,542,6.76,9980,9980,8540,-1960,-3.616,1960,3.616,1.88,922,1210519151,임박
20261008,114450,그린생명과학,KOSDAQ,제약,2400,135,5.62,2890,2890,2155,-490,-3.63,490,3.63,1.49,3703,896794736,임박
20261008,013030,하이록코리아,KOSDAQ,금속,34450,1294,3.76,39150,39150,34750,-4700,-3.632,4700,3.632,0.61,386,1143983655,임박
20261008,415640,KB발해인프라,KOSPI,금융,10040,264,2.63,11000,11000,9890,-960,-3.636,960,3.636,0.27,1893,2537148237,임박
20261008,071090,하이스틸,KOSPI,금속,3400,239,7.03,4270,4270,3160,-870,-3.64,870,3.64,0.12,2092,6185048688,임박
20261008,047040,대우건설,KOSPI,건설,16670,1270,7.62,21300,21300,17150,-4630,-3.646,4630,3.646,0.46,393,145465961125,임박
20261008,000020,동화약품,KOSPI,제약,5360,211,3.94,6130,6130,4945,-770,-3.649,770,3.649,0.78,2369,2620729382,임박
20261008,000490,대동,KOSPI,기계·장비,7400,301,4.07,8500,8500,7440,-1100,-3.654,1100,3.654,0.57,1661,909240068,임박
20261008,009580,무림P&P,KOSPI,종이·목재,1736,105,6.05,2120,2120,1630,-384,-3.657,384,3.657,0.13,4761,2815685441,임박
20261008,108670,LX하우시스,KOSPI,화학,32050,1079,3.37,36000,35900,32350,-3950,-3.661,3950,3.661,0.71,463,516974002,임박
20261008,000100,유한양행,KOSPI,제약,73100,2430,3.32,82000,81500,72000,-8900,-3.663,8900,3.663,1.17,205,15402357755,임박
20261008,180640,한진칼,KOSPI,금융,130300,6499,4.99,154200,154200,129500,-23900,-3.677,23900,3.677,0.88,76,9940462595,임박
20261008,294870,IPARK현대산업개발,KOSPI,건설,21900,827,3.78,24950,24950,21450,-3050,-3.688,3050,3.688,0.54,604,3260046332,임박
20261008,003570,SNT다이내믹스,KOSPI,운송장비·부품,28700,2031,7.08,36200,36200,25900,-7500,-3.693,7500,3.693,1.1,246,3338272738,임박
20261008,079900,전진건설로봇,KOSPI,기계·장비,37800,1852,4.9,44650,44650,39050,-6850,-3.699,6850,3.699,0.39,269,2779472048,임박
20261008,299660,셀리드,KOSDAQ,일반서비스,2505,263,10.5,3480,3480,2215,-975,-3.707,975,3.707,0.53,1901,3262531721,임박
20261008,232830,아이티센피엔에스,KOSDAQ,IT 서비스,2835,310,10.93,3985,3985,2580,-1150,-3.71,1150,3.71,0.14,1612,3760868858,임박
20261008,212560,네오오토,KOSDAQ,운송장비·부품,10400,765,7.36,13240,13240,9960,-2840,-3.712,2840,3.712,0.27,653,3455513951,임박
20261008,003540,대신증권,KOSPI,증권,24650,766,3.11,27500,27500,25000,-2850,-3.721,2850,3.721,1.33,652,1624270765,임박
20261008,053950,경남제약,KOSDAQ,제약,1999,187,9.35,2695,2695,1965,-696,-3.722,696,3.722,0.12,2673,1788704744,임박
20261008,053260,금강철강,KOSDAQ,금속,6690,741,11.08,9460,9460,6480,-2770,-3.738,2770,3.738,0.05,674,27219901161,임박
20261008,051600,한전KPS,KOSPI,건설,43550,1643,3.77,49700,49700,43500,-6150,-3.743,6150,3.743,0.8,304,6695037762,임박
20261008,365330,에스와이스틸텍,KOSDAQ,금속,1564,95,6.07,1920,1920,1520,-356,-3.747,356,3.747,0.9,5263,769722733,임박
20261008,190510,나무가,KOSDAQ,전기전자,15410,701,4.55,18040,17290,15210,-2630,-3.752,2630,3.752,0.2,713,2079897652,임박
20261008,003000,부광약품,KOSPI,제약,4055,194,4.78,4785,4785,3925,-730,-3.763,730,3.763,1.11,2577,1668516043,임박
20261008,126640,화신정공,KOSDAQ,운송장비·부품,3815,286,7.5,4895,4545,3660,-1080,-3.776,1080,3.776,0.53,1748,3145270133,임박
20261008,007610,선도전기,KOSPI,전기전자,4065,340,8.36,5350,5350,4200,-1285,-3.779,1285,3.779,0.29,1470,4237543296,임박
20261008,443670,에스피소프트,KOSDAQ,IT 서비스,4905,393,8.01,6390,6390,4600,-1485,-3.779,1485,3.779,0.22,1272,13904629250,임박
20261008,003550,LG,KOSPI,금융,108100,4649,4.3,125700,124800,108300,-17600,-3.786,17600,3.786,1.11,107,26759930890,임박
20261008,006040,동원산업,KOSPI,금융,34850,949,2.72,38450,38350,34750,-3600,-3.793,3600,3.793,1.13,526,1031566895,임박
20261008,002140,고려산업,KOSPI,음식료·담배,1904,87,4.57,2235,2235,1909,-331,-3.805,331,3.805,0.32,5747,561223280,임박
20261008,272450,진에어,KOSPI,운송·창고,5800,210,3.62,6600,6600,5680,-800,-3.81,800,3.81,0.38,2380,545288966,임박
20261008,0007C0,아크릴,KOSDAQ,IT 서비스,17030,1724,10.12,23600,23600,18020,-6570,-3.811,6570,3.811,0.36,290,6043042588,임박
20261008,136490,선진,KOSPI,음식료·담배,10090,330,3.27,11350,11300,9890,-1260,-3.818,1260,3.818,0.57,1515,582918248,임박
20261008,484810,티엑스알로보틱스,KOSDAQ,기계·장비,11550,836,7.24,14760,14760,11620,-3210,-3.84,3210,3.84,0.41,598,1838401938,임박
20261008,316140,우리금융지주,KOSPI,금융,32350,1223,3.78,37050,37050,32250,-4700,-3.843,4700,3.843,0.82,408,122272437810,임박
20261008,077970,STX엔진,KOSPI,기계·장비,20600,1379,6.69,25900,25900,21200,-5300,-3.843,5300,3.843,1.49,362,3304026450,임박
20261008,488900,비츠로넥스텍,KOSDAQ,운송장비·부품,10000,819,8.19,13150,13150,10010,-3150,-3.846,3150,3.846,0.75,610,2019926559,임박
20261008,071970,HD현대마린엔진,KOSPI,기계·장비,42800,2926,6.84,54100,54100,44800,-11300,-3.862,11300,3.862,1.49,170,9300555178,임박
20261008,026910,광진실업,KOSDAQ,금속,2345,453,19.32,4095,4095,1675,-1750,-3.863,1750,3.863,0.29,1103,835433234,임박
20261008,011780,금호석유화학,KOSPI,화학,114700,4451,3.88,131900,131900,113300,-17200,-3.864,17200,3.864,0.68,112,7729411385,임박
20261008,145170,노브랜드,KOSDAQ,섬유·의류,3215,247,7.68,4170,4170,2540,-955,-3.866,955,3.866,0.17,2024,2644747112,임박
20261008,0155E0,해치텍,KOSDAQ,전기전자,11030,1460,13.24,16680,16680,11380,-5650,-3.87,5650,3.87,0.12,342,11065645958,임박
20261008,004800,효성,KOSPI,금융,148100,7454,5.03,177000,177000,151700,-28900,-3.877,28900,3.877,0.54,67,3168946350,임박
20261008,046120,오르비텍,KOSDAQ,일반서비스,4960,402,8.1,6520,6520,5020,-1560,-3.881,1560,3.881,0.2,1243,9028539720,임박
20261008,023790,동일스틸럭스,KOSDAQ,금속,1490,162,10.87,2120,2120,1304,-630,-3.889,630,3.889,0.25,3086,1660638558,임박
20261008,00680K,미래에셋증권2우B,KOSPI,미분류,9700,460,4.74,11490,11490,9900,-1790,-3.891,1790,3.891,0.79,1086,2399099096,임박
20261008,475580,에이럭스,KOSDAQ,기타제조,7120,393,5.52,8650,8650,7170,-1530,-3.893,1530,3.893,0.22,1272,1671494990,임박
20261008,194480,데브시스터즈,KOSDAQ,IT 서비스,13540,836,6.17,16800,16210,13860,-3260,-3.9,3260,3.9,0.95,598,707177208,임박
20261008,011210,현대위아,KOSPI,운송장비·부품,50800,2120,4.17,59100,59100,51800,-8300,-3.915,8300,3.915,1.08,235,3067178610,임박
20261008,216080,제테마,KOSDAQ,제약,5900,428,7.25,7580,7580,5890,-1680,-3.925,1680,3.925,0.39,1168,1338114145,임박
20261008,331920,셀레믹스,KOSDAQ,제약,10830,1057,9.76,14980,14680,9870,-4150,-3.926,4150,3.926,1.43,473,663527490,임박
20261008,091590,남화토건,KOSDAQ,건설,5540,611,11.03,7940,7940,5500,-2400,-3.928,2400,3.928,0.27,818,2163195100,임박
20261008,078930,GS,KOSPI,금융,104000,6803,6.54,130900,130900,99400,-26900,-3.954,26900,3.954,1.12,73,44920454480,임박
20261008,009420,한올바이오파마,KOSPI,제약,44000,3235,7.35,56800,56800,41600,-12800,-3.957,12800,3.957,0.85,154,11610144652,임박
20261008,336260,두산퓨얼셀,KOSPI,전기전자,43750,3842,8.78,59000,59000,43000,-15250,-3.969,15250,3.969,0.39,130,42909639870,임박
20261008,086790,하나금융지주,KOSPI,금융,124300,4454,3.58,142000,142000,127200,-17700,-3.974,17700,3.974,1.23,112,87927389115,임박
20261008,023590,다우기술,KOSPI,IT 서비스,36450,1392,3.82,42000,42000,37300,-5550,-3.987,5550,3.987,0.99,359,1781760655,임박
20261008,391710,코닉오토메이션,KOSDAQ,기계·장비,1206,90,7.46,1565,1565,1198,-359,-3.989,359,3.989,0.07,5555,1110643934,임박
20261008,000370,한화손해보험,KOSPI,보험,7200,385,5.35,8740,8740,7140,-1540,-4.0,1540,4.0,0.42,1298,4341067116,임박
20261008,439090,마녀공장,KOSDAQ,화학,15150,662,4.37,17800,17800,14730,-2650,-4.003,2650,4.003,0.59,755,2326147200,임박
20261008,053690,한미글로벌,KOSPI,일반서비스,19700,1349,6.85,25100,24400,19970,-5400,-4.003,5400,4.003,0.38,370,3968783538,임박
20261008,023530,롯데쇼핑,KOSPI,유통,97800,6102,6.24,122300,122300,97000,-24500,-4.015,24500,4.015,0.46,81,15743369285,임박
20261008,006800,미래에셋증권,KOSPI,증권,29850,1619,5.42,36350,36350,30300,-6500,-4.015,6500,4.015,1.65,308,32314453978,임박
20261008,032820,우리기술,KOSDAQ,전기전자,11560,872,7.54,15070,15070,12010,-3510,-4.025,3510,4.025,0.33,573,92884413732,임박
20261008,035720,카카오,KOSPI,IT 서비스,32300,1140,3.53,36900,36900,33000,-4600,-4.035,4600,4.035,1.39,438,42427688302,임박
20261008,001680,대상,KOSPI,음식료·담배,17610,440,2.5,19390,19040,17500,-1780,-4.045,1780,4.045,0.57,1136,1037382120,임박
20261008,175330,JB금융지주,KOSPI,금융,27850,1296,4.65,33100,33100,28100,-5250,-4.051,5250,4.051,1.31,385,14137571285,임박
20261008,340810,시선AI,KOSDAQ,IT 서비스,3850,307,7.97,5100,5100,3380,-1250,-4.072,1250,4.072,0.55,1628,1235124503,임박
20261008,003230,삼양식품,KOSPI,음식료·담배,1172000,53001,4.52,1388000,1337000,1182000,-216000,-4.075,216000,4.075,0.66,9,52689850150,임박
20261008,0011A0,액스비스,KOSDAQ,전기전자,10650,1028,9.65,14840,14840,10740,-4190,-4.076,4190,4.076,0.1,486,17257877874,임박
20261008,413630,씨피시스템,KOSDAQ,화학,4030,336,8.34,5400,5400,3975,-1370,-4.077,1370,4.077,0.18,1488,14674221354,임박
20261008,187660,페니트리움바이오,KOSDAQ,일반서비스,6320,716,11.33,9240,9240,6240,-2920,-4.078,2920,4.078,0.38,698,17557618292,임박
20261008,008770,호텔신라,KOSPI,유통,38700,1163,3.01,43450,43450,38700,-4750,-4.084,4750,4.084,0.88,429,7040717810,임박
20261008,0015N0,아로마티카,KOSDAQ,화학,9990,1042,10.43,14250,14250,9790,-4260,-4.088,4260,4.088,0.56,479,12991360428,임박
20261008,004990,롯데지주,KOSPI,금융,22900,660,2.88,25600,25600,23100,-2700,-4.091,2700,4.091,0.89,757,3079388978,임박
20261008,124500,아이티센글로벌,KOSDAQ,IT 서비스,26500,2234,8.43,35650,33850,27900,-9150,-4.096,9150,4.096,1.09,223,7647883645,임박
20261008,114090,GKL,KOSPI,오락·문화,8630,229,2.65,9570,9530,8320,-940,-4.105,940,4.105,0.71,2183,794757180,임박
20261008,088350,한화생명,KOSPI,보험,5180,263,5.08,6260,6260,5190,-1080,-4.106,1080,4.106,0.79,1901,16876568538,임박
20261008,267260,HD현대일렉트릭,KOSPI,전기전자,606000,39674,6.55,769000,769000,626000,-163000,-4.108,163000,4.108,1.38,12,83566446050,임박
20261008,181710,NHN,KOSPI,IT 서비스,56100,3905,6.96,72200,70500,54000,-16100,-4.123,16100,4.123,0.35,128,11385521825,임박
20261008,163280,에어레인,KOSDAQ,기계·장비,3800,194,5.11,4600,4600,3615,-800,-4.124,800,4.124,0.42,2577,534808235,임박
20261008,034020,두산에너빌리티,KOSPI,기계·장비,78000,3969,5.09,94400,94400,78700,-16400,-4.132,16400,4.132,1.64,125,229789770540,임박
20261008,263600,덕우전자,KOSDAQ,전기전자,4940,353,7.15,6400,6400,3280,-1460,-4.136,1460,4.136,0.72,1416,3211343279,임박
20261008,005090,SGC에너지,KOSPI,전기·가스,45850,3981,8.68,62400,62400,46900,-16550,-4.157,16550,4.157,0.7,125,5538254210,임박
20261008,279570,케이뱅크,KOSPI,금융,5290,144,2.72,5890,5890,5320,-600,-4.167,600,4.167,1.29,3472,3117235788,임박
20261008,001800,오리온홀딩스,KOSPI,금융,22600,768,3.4,25800,25750,22200,-3200,-4.167,3200,4.167,1.03,651,1541478375,임박
20261008,323990,박셀바이오,KOSDAQ,일반서비스,4345,277,6.38,5500,5500,4110,-1155,-4.17,1155,4.17,0.39,1805,599457976,임박
20261008,259960,크래프톤,KOSPI,IT 서비스,186900,7925,4.24,220000,220000,194300,-33100,-4.177,33100,4.177,2.4,63,15706755100,임박
20261008,365660,레몬헬스케어,KOSDAQ,IT 서비스,3490,493,14.13,5550,5550,3660,-2060,-4.178,2060,4.178,0.3,1014,3872347236,임박
20261008,049470,비트플래닛,KOSDAQ,IT 서비스,2560,244,9.53,3580,3580,2255,-1020,-4.18,1020,4.18,0.08,2049,967629530,임박
20261008,086280,현대글로비스,KOSPI,운송·창고,182900,7918,4.33,216000,213500,187200,-33100,-4.18,33100,4.18,1.55,63,29228512435,임박
20261008,100840,SNT에너지,KOSPI,기계·장비,31800,2091,6.58,40550,40550,33300,-8750,-4.185,8750,4.185,0.42,239,8018371392,임박
20261008,012330,현대모비스,KOSPI,운송장비·부품,359000,18384,5.12,436000,433500,362000,-77000,-4.188,77000,4.188,1.79,27,105331507100,임박
20261008,036220,오상헬스케어,KOSDAQ,의료·정밀기기,6560,414,6.31,8300,8300,6190,-1740,-4.203,1740,4.203,0.12,1207,2286570020,임박
20261008,475400,씨메스로보틱스,KOSDAQ,기계·장비,17670,1105,6.25,22350,22350,18030,-4680,-4.235,4680,4.235,0.54,452,1965823042,임박
20261008,032940,원익,KOSDAQ,유통,8670,691,7.97,11600,11600,8720,-2930,-4.24,2930,4.24,0.08,723,15333266748,임박
20261008,397030,에이프릴바이오,KOSDAQ,일반서비스,14560,1619,11.12,21450,21450,15750,-6890,-4.256,6890,4.256,1.45,308,4867292452,임박
20261008,028260,삼성물산,KOSPI,유통,317500,19602,6.17,401000,401000,335000,-83500,-4.26,83500,4.26,1.75,25,115361465400,임박
20261008,017960,한국카본,KOSPI,금속,19150,986,5.15,23350,23350,19500,-4200,-4.26,4200,4.26,1.56,507,3361611410,임박
20261008,073010,케이에스피,KOSDAQ,기계·장비,3020,197,6.52,3860,3860,3060,-840,-4.264,840,4.264,0.22,2538,2380997043,임박
20261008,001230,동국홀딩스,KOSPI,금융,2020,112,5.54,2500,2500,2000,-480,-4.286,480,4.286,0.49,4464,1749693752,임박
20261008,123690,한국화장품,KOSPI,유통,6380,296,4.64,7650,7650,6200,-1270,-4.291,1270,4.291,0.23,1689,1794797091,임박
20261008,082740,한화엔진,KOSPI,기계·장비,41050,3058,7.45,54200,54200,45300,-13150,-4.3,13150,4.3,2.0,163,40976929622,임박
20261008,460860,동국제강,KOSPI,금속,9420,547,5.81,11780,11780,9000,-2360,-4.314,2360,4.314,1.76,914,3432318985,임박
20261008,071200,인피니트헬스케어,KOSDAQ,IT 서비스,10750,770,7.16,14080,14080,11310,-3330,-4.325,3330,4.325,0.49,649,2490767026,임박
20261008,064350,현대로템,KOSPI,운송장비·부품,105200,6148,5.84,131800,131800,107600,-26600,-4.327,26600,4.327,1.93,81,40890129255,임박
20261008,010140,삼성중공업,KOSPI,운송장비·부품,18860,841,4.46,22500,22500,19160,-3640,-4.328,3640,4.328,1.26,594,61353910260,임박
20261008,004000,롯데정밀화학,KOSPI,화학,42100,1375,3.27,48100,48100,42200,-6000,-4.364,6000,4.364,1.12,363,2119256968,임박
20261008,002900,TYM,KOSPI,기계·장비,6430,260,4.04,7570,7180,6280,-1140,-4.385,1140,4.385,0.42,1923,1142226286,임박
20261008,011760,현대코퍼레이션,KOSPI,유통,24000,781,3.25,27450,27450,24450,-3450,-4.417,3450,4.417,0.76,640,780639852,임박
20261008,130660,한전산업,KOSPI,일반서비스,11660,633,5.43,14460,14460,11940,-2800,-4.423,2800,4.423,0.23,789,8028536157,임박
20261008,105840,우진,KOSPI,의료·정밀기기,12280,913,7.43,16320,16320,12950,-4040,-4.425,4040,4.425,0.53,547,6580753376,임박
20261008,064550,바이오니아,KOSDAQ,제약,8460,572,6.76,11000,10950,8150,-2540,-4.441,2540,4.441,0.22,874,4428207002,임박
20261008,003470,유안타증권,KOSPI,증권,4220,136,3.22,4825,4825,4255,-605,-4.449,605,4.449,0.81,3676,1094187783,임박
20261008,083650,비에이치아이,KOSDAQ,기계·장비,53600,3840,7.16,70700,70700,57000,-17100,-4.453,17100,4.453,0.81,130,24335980315,임박
20261008,012450,한화에어로스페이스,KOSPI,운송장비·부품,891000,58493,6.56,1152000,1152000,971000,-261000,-4.462,261000,4.462,2.51,8,148672194600,임박
20261008,048770,TPC로보틱스,KOSDAQ,기계·장비,3980,322,8.09,5420,5420,3820,-1440,-4.472,1440,4.472,0.07,1552,4846489660,임박
20261008,053800,안랩,KOSDAQ,IT 서비스,75300,3940,5.23,93100,93100,66000,-17800,-4.518,17800,4.518,1.22,126,10314512675,임박
20261008,228340,동양파일,KOSDAQ,비금속,3170,389,12.27,4935,4935,3115,-1765,-4.537,1765,4.537,0.08,1285,6037193050,임박
20261008,417030,니어스랩,KOSDAQ,IT 서비스,21350,3777,17.69,38500,38500,26400,-17150,-4.541,17150,4.541,1.67,132,12625380065,임박
20261008,000880,한화,KOSPI,화학,110100,7598,6.9,144800,144800,117600,-34700,-4.567,34700,4.567,1.4,65,13087887725,임박
20261008,014950,삼익제약,KOSDAQ,제약,7750,939,12.12,12050,12050,8100,-4300,-4.579,4300,4.579,0.06,532,43186177395,임박
20261008,000720,현대건설,KOSPI,건설,107800,7443,6.9,142000,142000,110600,-34200,-4.595,34200,4.595,1.5,67,87991329525,임박
20261008,900270,헝셩그룹,KOSDAQ,미분류,2550,323,12.67,4040,4040,2435,-1490,-4.613,1490,4.613,0.06,1547,1656564636,임박
20261008,280360,롯데웰푸드,KOSPI,음식료·담배,122700,5697,4.64,149000,149000,118200,-26300,-4.616,26300,4.616,1.23,87,2266918040,임박
20261008,282330,BGF리테일,KOSPI,유통,126400,5523,4.37,152000,152000,125500,-25600,-4.635,25600,4.635,1.23,90,5957008470,임박
20261008,475040,스트라드비젼,KOSDAQ,IT 서비스,2835,254,8.96,4015,4015,2900,-1180,-4.646,1180,4.646,0.12,1968,7339823614,임박
20261008,055550,신한지주,KOSPI,금융,99500,3644,3.66,116500,116500,102200,-17000,-4.665,17000,4.665,1.28,137,107759997855,임박
20261008,290660,다이나믹솔루션,KOSDAQ,의료·정밀기기,1241,121,9.75,1807,1728,1258,-566,-4.678,566,4.678,0.86,4132,814753925,임박
20261008,103140,풍산,KOSPI,금속,65600,3651,5.57,82700,82700,67400,-17100,-4.684,17100,4.684,1.75,136,9223438870,임박
20261008,035890,서희건설,KOSDAQ,건설,2100,96,4.57,2550,2550,2145,-450,-4.688,450,4.688,0.84,5208,540927756,임박
20261008,002990,금호건설,KOSPI,건설,11140,1134,10.18,16480,16420,11400,-5340,-4.709,5340,4.709,0.42,440,24130822720,임박
20261008,210980,SK디앤디,KOSPI,부동산,3010,378,12.56,4800,4800,3000,-1790,-4.735,1790,4.735,0.29,1322,1146344345,임박
20261008,138360,앤로보틱스,KOSDAQ,기계·장비,1312,106,8.08,1815,1815,1290,-503,-4.745,503,4.745,1.61,4716,1024331474,임박
20261008,018260,삼성에스디에스,KOSPI,IT 서비스,195300,10033,5.14,243000,243000,205000,-47700,-4.754,47700,4.754,1.92,49,31624931435,임박
20261008,003280,흥아해운,KOSPI,운송·창고,1818,80,4.4,2200,2200,1767,-382,-4.775,382,4.775,0.25,6250,17314779877,임박
20261008,326030,SK바이오팜,KOSPI,일반서비스,72700,2866,3.94,86400,86200,73800,-13700,-4.78,13700,4.78,1.43,174,8657713525,임박
20261008,007070,GS리테일,KOSPI,유통,21650,962,4.44,26250,26250,21750,-4600,-4.782,4600,4.782,0.54,519,4012863218,임박
20261008,317850,대모,KOSDAQ,기계·장비,5990,284,4.74,7360,7360,6010,-1370,-4.824,1370,4.824,0.16,1760,1662992422,임박
20261008,950220,네오이뮨텍,KOSDAQ,미분류,1892,165,8.72,2690,2530,1801,-798,-4.836,798,4.836,0.53,3030,891158693,임박
20261008,010130,고려아연,KOSPI,금속,1033000,47583,4.61,1264000,1264000,1046000,-231000,-4.855,231000,4.855,1.32,10,18025538650,임박
20261008,052260,현대바이오랜드,KOSDAQ,화학,4850,282,5.81,6240,6240,3790,-1390,-4.929,1390,4.929,0.45,1773,10693880945,임박
20261008,459550,알트,KOSDAQ,전기전자,1916,217,11.33,2990,2990,1992,-1074,-4.949,1074,4.949,0.14,2304,5984506760,임박
20261008,006650,대한유화,KOSPI,화학,89800,5268,5.87,115900,115900,86400,-26100,-4.954,26100,4.954,0.51,94,4876321355,임박
20261008,005380,현대차,KOSPI,운송장비·부품,324500,14173,4.37,395000,394000,335000,-70500,-4.974,70500,4.974,1.48,35,170667830100,임박
20261008,014970,삼륭물산,KOSDAQ,종이·목재,4370,213,4.87,5430,5430,4260,-1060,-4.977,1060,4.977,0.12,2347,501425624,임박
20261008,045390,대아티아이,KOSDAQ,전기전자,2975,170,5.71,3825,3705,2880,-850,-5.0,850,5.0,0.46,2941,2485683576,임박
20261008,486990,노타,KOSDAQ,IT 서비스,18950,1306,6.89,25500,25500,17140,-6550,-5.015,6550,5.015,0.81,382,8339546910,임박
20261008,035420,NAVER,KOSPI,IT 서비스,183800,7067,3.84,219500,219500,189000,-35700,-5.052,35700,5.052,1.47,70,129072228090,임박
20261008,329180,HD현대중공업,KOSPI,운송장비·부품,384000,21105,5.5,491000,491000,399500,-107000,-5.07,107000,5.07,1.31,23,122425410075,임박
20261008,298020,효성티앤씨,KOSPI,화학,277000,15054,5.43,353500,353500,270000,-76500,-5.082,76500,5.082,0.98,33,4760452175,임박
20261008,104620,노랑풍선,KOSDAQ,일반서비스,3080,147,4.77,3830,3830,3045,-750,-5.102,750,5.102,0.14,3401,943226880,임박
20261008,222040,코스맥스엔비티,KOSDAQ,음식료·담배,6190,531,8.58,8900,8620,6050,-2710,-5.104,2710,5.104,0.41,941,1752846734,임박
20261008,009540,HD한국조선해양,KOSPI,금융,291500,15427,5.29,370500,370500,300000,-79000,-5.121,79000,5.121,2.2,32,56702604425,임박
20261008,123330,제닉,KOSDAQ,화학,21800,1897,8.7,31650,28550,20850,-9850,-5.192,9850,5.192,0.64,263,5865820938,임박
20261008,140430,카티스,KOSDAQ,IT 서비스,2315,272,11.75,3735,3735,2415,-1420,-5.221,1420,5.221,0.18,1838,2698000150,임박
20261008,099440,스맥,KOSDAQ,기계·장비,3775,184,4.87,4740,4740,3815,-965,-5.245,965,5.245,0.64,2717,1236702782,임박
20261008,0007J0,인벤테라,KOSDAQ,일반서비스,9530,1009,10.59,14850,14850,9640,-5320,-5.273,5320,5.273,0.15,495,5533221444,임박
20261008,000670,영풍,KOSPI,금속,40950,2368,5.78,53500,53500,39900,-12550,-5.3,12550,5.3,0.41,211,5458556965,임박
20261008,290690,아리바이오홀딩스,KOSDAQ,전기전자,3000,279,9.3,4480,4480,2870,-1480,-5.305,1480,5.305,0.83,1792,3765937354,임박
20261008,393210,토마토시스템,KOSDAQ,IT 서비스,3405,310,9.1,5050,5050,1996,-1645,-5.306,1645,5.306,0.14,1612,9010010823,임박
20261008,012630,HDC,KOSPI,금융,22950,1166,5.08,29150,29150,22550,-6200,-5.317,6200,5.317,0.58,428,2715534820,임박
20261008,303810,동국생명과학,KOSDAQ,제약,2650,178,6.72,3600,3600,2315,-950,-5.337,950,5.337,0.2,2808,12045257537,임박
20261008,004310,현대약품,KOSPI,제약,7760,747,9.63,11750,11750,8160,-3990,-5.341,3990,5.341,0.1,669,66987757036,임박
20261008,042660,한화오션,KOSPI,운송장비·부품,72000,3533,4.91,90900,90900,74100,-18900,-5.35,18900,5.35,1.39,141,55391752470,임박
20261008,377300,카카오페이,KOSPI,금융,38450,1951,5.07,48900,48900,39300,-10450,-5.356,10450,5.356,1.22,256,10312136968,임박
20261008,257720,실리콘투,KOSDAQ,유통,35450,2406,6.79,48350,47700,35900,-12900,-5.362,12900,5.362,0.99,207,30388107605,임박
20261008,282620,기도산업,KOSDAQ,섬유·의류,11050,691,6.25,14770,14770,11260,-3720,-5.384,3720,5.384,0.55,723,1020260598,임박
20261008,389020,자람테크놀로지,KOSDAQ,전기전자,15640,1412,9.03,23250,23250,15500,-7610,-5.39,7610,5.39,0.5,354,1962874214,임박
20261008,004170,신세계,KOSPI,유통,305500,20709,6.78,417500,417500,317500,-112000,-5.408,112000,5.408,0.91,24,25321682575,임박
20261008,000270,기아,KOSPI,운송장비·부품,106800,4222,3.95,129700,129700,109300,-22900,-5.424,22900,5.424,1.78,118,89364898320,임박
20261008,002240,고려제강,KOSPI,금속,16510,529,3.2,19380,19380,16490,-2870,-5.425,2870,5.425,0.5,945,623005620,임박
20261008,439960,코스모로보틱스,KOSDAQ,의료·정밀기기,6490,1287,19.83,13500,13500,6400,-7010,-5.447,7010,5.447,0.58,388,22546746038,임박
20261008,058860,KTis,KOSPI,IT 서비스,2600,60,2.31,2930,2930,2425,-330,-5.5,330,5.5,0.11,8333,827233464,임박
20261008,001210,금호전기,KOSPI,전기전자,8520,978,11.48,13900,13900,8700,-5380,-5.501,5380,5.501,0.19,511,28705362768,임박
20261008,087010,펩트론,KOSDAQ,제약,91500,13793,15.07,167500,162000,125100,-76000,-5.51,76000,5.51,3.15,36,28589642815,임박
20261008,375500,DL이앤씨,KOSPI,건설,67400,4207,6.24,90600,90600,71900,-23200,-5.515,23200,5.515,1.07,118,34385582420,임박
20261008,323410,카카오뱅크,KOSPI,금융,19470,539,2.77,22450,22450,19610,-2980,-5.529,2980,5.529,1.13,927,15882323479,임박
20261008,207940,삼성바이오로직스,KOSPI,제약,1219000,46974,3.85,1479000,1479000,1272000,-260000,-5.535,260000,5.535,2.01,10,59100848200,임박
20261008,079650,서산,KOSDAQ,비금속,5200,686,13.19,9000,9000,5310,-3800,-5.539,3800,5.539,0.13,728,22138495278,임박
20261008,267270,HD건설기계,KOSPI,기계·장비,107200,7586,7.08,149700,149700,111900,-42500,-5.602,42500,5.602,2.07,65,35450427950,임박
20261008,004020,현대제철,KOSPI,금속,28200,1600,5.67,37200,37200,28300,-9000,-5.625,9000,5.625,0.65,312,25687415598,임박
20261008,201490,미투온,KOSDAQ,IT 서비스,3290,268,8.15,4800,4800,3350,-1510,-5.634,1510,5.634,0.14,1865,33064051585,임박
20261008,134580,엔키AX,KOSDAQ,IT 서비스,2295,373,16.25,4400,4400,2320,-2105,-5.643,2105,5.643,0.86,1340,2266981780,임박
20261008,300080,플리토,KOSDAQ,IT 서비스,7800,442,5.67,10300,10300,8060,-2500,-5.656,2500,5.656,0.62,1131,709996579,임박
20261008,377450,리파인,KOSDAQ,IT 서비스,13850,598,4.32,17240,17240,13890,-3390,-5.669,3390,5.669,0.13,836,1347793414,임박
20261008,067290,JW신약,KOSDAQ,제약,2745,280,10.2,4335,4335,2855,-1590,-5.679,1590,5.679,0.13,1785,43841882024,임박
20261008,005860,한일사료,KOSDAQ,음식료·담배,2295,94,4.1,2830,2830,2280,-535,-5.691,535,5.691,0.28,5319,2074829773,임박
20261008,048430,유라테크,KOSDAQ,전기전자,5810,250,4.3,7240,7240,5810,-1430,-5.72,1430,5.72,0.09,2000,817013534,임박
20261008,241560,두산밥캣,KOSPI,기계·장비,53200,2114,3.97,65400,65400,54000,-12200,-5.771,12200,5.771,1.17,236,9173667560,임박
20261008,002310,아세아제지,KOSPI,종이·목재,7550,257,3.4,9040,9040,7500,-1490,-5.798,1490,5.798,0.43,1945,559078372,임박
20261008,036890,진성티이씨,KOSDAQ,기계·장비,10600,494,4.66,13480,13480,11180,-2880,-5.83,2880,5.83,1.91,1012,750096556,임박
20261008,0001A0,덕양에너젠,KOSDAQ,미분류,8490,446,5.25,11120,11120,8160,-2630,-5.897,2630,5.897,0.27,1121,1235453125,임박
20261008,015760,한국전력,KOSPI,전기·가스,29100,1055,3.63,35325,35325,29800,-6225,-5.9,6225,5.9,1.13,473,43617642688,임박
20261008,348080,큐라티스,KOSDAQ,일반서비스,3740,403,10.78,6140,6140,3655,-2400,-5.955,2400,5.955,0.13,1240,1272165520,임박
20261008,950190,고스트스튜디오,KOSDAQ,미분류,9780,446,4.56,12460,12460,9450,-2680,-6.009,2680,6.009,0.09,1121,1340399373,임박
20261008,000440,중앙에너비스,KOSDAQ,유통,12390,572,4.62,15830,15830,12160,-3440,-6.014,3440,6.014,0.16,874,1253475321,임박
20261008,029780,삼성카드,KOSPI,금융,41200,939,2.28,46850,46850,41550,-5650,-6.017,5650,6.017,0.8,532,3819497260,임박
20261008,053050,지에스이,KOSDAQ,미분류,1930,67,3.47,2335,2335,1844,-405,-6.045,405,6.045,0.4,7462,725602835,임박
20261008,012200,계양전기,KOSPI,기계·장비,3010,270,8.97,4650,4650,2970,-1640,-6.074,1640,6.074,0.34,1851,2710967884,임박
20261008,002780,진흥기업,KOSPI,건설,6530,321,4.92,8480,7790,6410,-1950,-6.075,1950,6.075,0.38,1557,592593481,임박
20261008,024060,흥구석유,KOSDAQ,유통,12200,836,6.85,17310,17310,11590,-5110,-6.112,5110,6.112,0.29,598,55436289698,임박
20261008,004090,한국석유,KOSPI,비금속,11640,524,4.5,14880,14880,11310,-3240,-6.183,3240,6.183,0.14,954,8289099898,임박
20261008,217820,원익피앤이,KOSDAQ,기계·장비,2360,152,6.44,3300,3300,2225,-940,-6.184,940,6.184,0.23,3289,2845816506,임박
20261008,039130,하나투어,KOSPI,일반서비스,29700,842,2.84,34950,34950,29800,-5250,-6.235,5250,6.235,0.73,593,900466458,임박
20261008,271560,오리온,KOSPI,음식료·담배,104200,3554,3.41,126500,124300,104550,-22300,-6.275,22300,6.275,0.76,140,11511056865,임박
20261008,162300,신스틸,KOSDAQ,금속,1979,186,9.4,3155,3155,2020,-1176,-6.323,1176,6.323,0.04,2688,11588129482,임박
20261008,020710,시공테크,KOSDAQ,일반서비스,3605,161,4.47,4625,4625,3490,-1020,-6.335,1020,6.335,0.12,3105,1127878976,임박
20261008,014530,극동유화,KOSPI,화학,3365,99,2.94,4000,4000,3230,-635,-6.414,635,6.414,0.17,5050,1663965372,임박
20261008,145020,휴젤,KOSDAQ,제약,182800,9653,5.28,245000,244500,175500,-62200,-6.444,62200,6.444,0.92,51,12230386810,임박
20261008,198440,강동씨앤엘,KOSDAQ,비금속,1387,155,11.18,2395,2395,1411,-1008,-6.503,1008,6.503,0.24,3225,4441651312,임박
20261008,386380,스카이랩스,KOSDAQ,의료·정밀기기,14720,3665,24.9,39350,39350,15550,-24630,-6.72,24630,6.72,0.11,136,147087580028,임박
20261008,001520,동양,KOSPI,비금속,1114,54,4.85,1482,1482,1110,-368,-6.815,368,6.815,0.33,9259,1417926070,임박
20261008,070300,퀀텀레일,KOSDAQ,IT 서비스,621,151,24.32,1650,1616,532,-1029,-6.815,1029,6.815,1.18,3311,1695361854,임박
20261008,267250,HD현대,KOSPI,금융,179500,11770,6.56,261000,261000,187800,-81500,-6.924,81500,6.924,1.97,42,37948914430,임박
20261008,004770,써니전자,KOSPI,전기전자,1766,133,7.53,2705,2705,1765,-939,-7.06,939,7.06,0.18,3759,4489142079,임박
20261008,040300,YTN,KOSDAQ,오락·문화,2255,123,5.45,3160,3160,2165,-905,-7.358,905,7.358,0.08,4065,1609186683,임박
20261008,462520,조선내화,KOSPI,비금속,12340,365,2.96,15040,15040,12000,-2700,-7.397,2700,7.397,1.09,1369,533726820,임박
20261008,052220,iMBC,KOSDAQ,오락·문화,1625,84,5.17,2260,2260,1603,-635,-7.56,635,7.56,0.04,5952,942348339,임박
20261008,270520,앱튼,KOSDAQ,일반서비스,835,322,38.56,3300,3300,697,-2465,-7.655,2465,7.655,0.5,1552,1542431528,임박
20261008,117580,대성에너지,KOSPI,전기·가스,7090,211,2.98,8790,8790,6970,-1700,-8.057,1700,8.057,0.12,2369,2943377142,임박
20261008,043650,국순당,KOSDAQ,음식료·담배,3500,121,3.46,4495,4495,3475,-995,-8.223,995,8.223,0.06,4132,657373908,임박
20261008,475830,오름테라퓨틱,KOSDAQ,제약,19270,4143,21.5,56300,55400,20150,-37030,-8.938,37030,8.938,0.66,120,14574127636,임박
20261008,080160,모두투어,KOSDAQ,일반서비스,7930,340,4.29,11180,11180,7970,-3250,-9.559,3250,9.559,0.31,1470,1141331469,임박
20261008,224060,더코디,KOSDAQ,전기전자,3610,929,25.73,12750,12750,3190,-9140,-9.839,9140,9.839,1.68,538,5378253540,임박
20261008,007540,샘표,KOSPI,금융,46850,1970,4.2,72400,72400,45850,-25550,-12.97,25550,12.97,0.1,253,4163994395,임박
20261008,248170,샘표식품,KOSPI,음식료·담배,21850,935,4.28,36200,36200,21700,-14350,-15.348,14350,15.348,0.07,534,6578883088,임박
